n_train,n_test,train_time_s,MAE_T,RMSE_T,R2_T,MaxErr_T,MAPE_T,MAE_P,RMSE_P,R2_P,MaxErr_P,MAPE_P,MAE_rho,RMSE_rho,R2_rho,MaxErr_rho,MAPE_rho,MAE_a,RMSE_a,R2_a,MaxErr_a,MAPE_a,MAE_avg,RMSE_avg,R2_avg,time_1point_us,model_size_kb,physics_hydro,physics_gas,physics_sound,physics_total,method,step,mode
2001,2000,0.0,8.86757334228605e-15,2.1078103847843474e-14,1.0,5.684341886080802e-14,3.3937768704933077e-15,0.006968634170073529,0.00784298853613105,0.999999999999916,0.01441089465515688,2.4394667864954862e-05,7.164979220015272e-08,7.499454939961558e-08,0.9999999999999476,1.1302398583712403e-07,2.0434248204246294e-05,3.676618242423046e-07,4.995402604804234e-07,0.9999999999999989,8.298240459225781e-07,1.16322064808538e-07,0.0017422683704247097,0.001960890767740502,0.9999999999999656,29.600000008940697,188.611328125,8.95117896608272e-07,5.687334829208587e-08,2.451451003828613e-09,9.544426959041864e-07,Линейная интерполяция,10,interpolation
2001,2000,0.0,7.036456414837744e-06,0.00016907277766800382,0.9999999999480857,0.005151043594253224,3.2474233445980866e-06,3.3473995745225693e-07,8.039845618642082e-06,1.0,0.0002449455605528783,1.4792768515275266e-09,1.1819485743781721e-08,2.8400011648242184e-07,0.9999999999992493,8.662780147994376e-06,3.2482771412709958e-06,4.791701139623683e-06,0.00011513554169499287,0.9999999999413985,0.003507920581455437,1.6238170981927508e-06,3.0436792494143666e-06,7.31330412745303e-05,0.9999999999721834,6.653200020082295,313.130859375,9.096934938952853e-07,3.835972025517817e-11,3.2236333244793152e-12,9.09735077248865e-07,Кубический сплайн,10,interpolation
2001,2000,0.0,4.062500009183622e-06,0.0001816805231713749,0.9999999999400546,0.0081249999999784,1.8748629943082953e-06,3.3644112636466163e-07,1.0580344423892405e-05,1.0,0.0003345929435454309,1.488274905228307e-09,6.823993543556006e-09,2.1700010751357616e-07,0.9999999999995617,7.546724650697723e-06,1.8754349264755331e-06,2.7664900052286614e-06,0.000123721191767244,0.9999999999323328,0.005532979900976898,9.375018272365173e-07,1.7930637835801253e-06,7.904976486750623e-05,0.9999999999679873,5.396599997766316,313.13671875,9.021001388706054e-07,1.328864644212181e-08,1.1287667606683782e-12,9.153899140794879e-07,PCHIP,10,interpolation
2001,2000,0.0,0.15458998635512672,0.22191629332984,0.9999105630165231,1.233686684168532,0.06793007582016874,1.5627747967519507,1.977305331672181,0.9999999946602254,5.706950742980553,0.007941796498373234,0.000256002475144146,0.0003723969435676033,0.9999987091072526,0.0020444021493863374,0.09256979514147949,0.105292153480227,0.1511242935515606,0.9998990378672654,0.8400950938990945,0.03478480212320624,0.45572823476561214,0.5876795788742872,0.9999520761628167,29.296599968802184,0.75390625,0.000426566541119257,0.00025940178666963496,2.3045729611621662e-05,0.0007090140574005136,Полином 15-й степени,10,interpolation
2001,2000,0.0,7.9833471971781975,9.241564033249142,0.8448936002153999,17.66712178732061,3.439151484116913,6929.058422472744,8092.472708367751,0.9105587329675904,21238.979809475,39.258624777016635,0.06293804242161471,0.07326196638101452,0.9500385438805908,0.18254167095897644,23.81298354663393,5.014706989205028,5.819738782426033,0.8502740999584492,11.270352739946873,1.641607659828055,1735.5298536753871,2026.9018182874518,0.8889412442555076,43.915399990510195,0.8740234375,0.5636913016019155,0.04962657152518046,0.001932075069212072,0.6152499481963081,Линейная регрессия,10,interpolation
2001,2000,0.0,3.1340596322658985,3.9849567329033775,0.9711606157095658,13.91542478077082,1.2915376605021103,5261.785543253137,6723.63064329894,0.938257650520438,24601.28570874929,22.5473893873387,0.05357704860694972,0.06840171376551996,0.9564476181969204,0.24734820015537562,14.7613095108203,1.8665168927069702,2.3643023918777266,0.9752886773157567,8.212577597780353,0.5973902933528594,1316.7099242066793,1682.5120760343718,0.9602886404356702,101.59040003782138,1.1240234375,0.7565008411085405,0.026459757827743374,0.0011289522285600018,0.7840895511648439,Полиномиальная регрессия (5),10,interpolation
2001,2000,19.872546400001738,0.11499276698434854,0.15389979507168644,0.9999569855032233,0.7506067189661962,0.04832287125683866,162.1831989720677,253.6631737436279,0.9999121199491077,1496.586879348557,0.4893212851696898,0.008003908052838732,0.011597731115813399,0.9987479432422265,0.04828909607540699,1.5963990625902387,0.4033301079827381,0.4937695974283344,0.9989221988555813,1.557289223762723,0.1291178607467441,40.6773814387719,63.58061021681093,0.9993848118875347,194.38559998525307,303.8505859375,0.06251183579336358,0.016456572094236902,0.0025163350809389294,0.08148474296853941,"MLP (50,25)",10,interpolation
2001,2000,1.419305900024483,0.030921414398981554,0.05220628951835651,0.9999950502368465,0.22146509738587383,0.012366172452341203,59.335624989643684,79.24065865122715,0.9999914242599228,296.0694809248671,0.23326618047192393,0.000730406873119536,0.000949345580703344,0.9999916106828809,0.0035095663247387554,0.20583708976080725,0.019384636260682413,0.032518420527424804,0.9999953253528548,0.12961287158185542,0.006111544183327135,14.846665361794116,19.83158317671341,0.9999933526331262,195.2824000036344,1855.1728515625,0.8171007796688462,0.0020994847240762837,0.00015062242021881327,0.8193508868131413,Градиентный бустинг,10,interpolation
2001,2000,0.5914100999943912,0.010735425923345844,0.014917755693003429,0.9999995958470582,0.03458000000011907,0.004285878890562834,14.206661764439858,17.888616786071317,0.999999562952161,56.343958556477446,0.0422858728402066,0.00016775149697555609,0.000197945571717074,0.9999996352716465,0.0005358715008221271,0.0378324468035635,0.006560596251297739,0.009153856068609375,0.9999996295768611,0.022476004079123868,0.002071171737857345,3.556031384527869,4.478221585851162,0.9999996059119317,27689.367999962997,42881.3369140625,0.050907283819812195,3.685349299507587e-05,2.835616944860686e-06,0.050946972929752136,Случайный лес,10,interpolation
2001,2000,4.1627202999952715,0.1706735880727868,0.40198707496277264,0.9997065305200841,2.2865109125172296,0.07726462126351286,3240.277788271668,7731.473954033493,0.9183605537479164,34848.996417429255,8.350155702299721,0.006488610350249385,0.007217366053620065,0.9995151187280159,0.01056301606628074,2.2867184186557545,0.11310352431975473,0.26582421533056516,0.9996876230143128,1.5260207098643264,0.03793398003990639,810.1420134986028,1933.03724567246,0.9793174565025823,239.94420003145933,103.3271484375,0.42844961992663855,0.10591419120755337,4.8609060694732025e-05,0.5344124201948867,SVR (RBF),10,interpolation
2001,2000,52.04362089998904,71.70160148620604,75.44370329385683,-9.336767790622726,123.50666015624995,29.696102754955113,35110.39901906185,44327.546578190406,-1.6836312819449542,101063.45855140591,98.87029609139569,0.004809208552328451,0.005490380182338602,0.9997194031562261,0.013216443214368878,1.907625298326028,132.98378814428517,133.83160196577523,-78.17850577423046,165.45736903311445,43.07316602882361,8828.772304475224,11134.206843457554,-22.049796360910477,115.74879998806864,147.1806640625,1.0000000003184288,113.59189766365829,1.1646040081071982,115.75650167208391,PINN,10,interpolation
801,3200,0.0,1.4122036873231992e-15,6.3353960300556655e-15,1.0,2.842170943040401e-14,6.096172563624788e-16,0.034843167910431135,0.0399915417578126,0.9999999999978157,0.08642303728265688,0.00012197337869088764,3.5824892778443895e-07,3.823985534218528e-07,0.9999999999986389,6.774315738922176e-07,0.00010217127404075764,1.8383090762341681e-06,2.5471653864815712e-06,0.9999999999999714,4.977451567356184e-06,5.816102964695984e-07,0.008711341117109143,0.00999861783043971,0.9999999999991065,33.57759997015819,76.1025390625,0.0003396327555364524,2.843665450138333e-07,1.225725475420168e-08,0.0003399293793362204,Линейная интерполяция,25,interpolation
801,3200,0.0,3.518228203693852e-05,0.000557683936593303,0.9999999994351733,0.013790003700989928,1.623425211308206e-05,4.186083832280474e-06,6.62978501976785e-05,1.0,0.0016393715632148087,1.850246693298892e-08,5.9097459583937023e-08,9.367734757180666e-07,0.9999999999918314,2.3232802870920555e-05,1.624450293193645e-05,2.3958505680212737e-05,0.000379772801601038,0.9999999993624153,0.00939176285692156,8.118368937803008e-06,1.5846492252253916e-05,0.0002511728404669344,0.999999999697355,5.822400038596243,125.6044921875,4.056951158671094e-07,4.6330660536359525e-10,3.8937385171786026e-11,4.0619735985764476e-07,Кубический сплайн,25,interpolation
801,3200,0.0,2.0312500005630342e-05,0.000625149982004053,0.9999999992902466,0.023400000000009413,9.372796858090783e-06,1.246989359572126e-05,9.167500201372598e-05,1.0,0.0024143052578438073,4.792509444390716e-08,3.419664950011017e-08,7.467728236779755e-07,0.9999999999948089,2.1757569995450865e-05,9.401958532836173e-06,1.3832559165347646e-05,0.0004257159825146541,0.99999999919882,0.015934982397993736,4.687164184418051e-06,1.1662287354049841e-05,0.00028582193483902776,0.9999999996209689,7.149800017941743,125.6103515625,5.509308198884852e-07,6.656635800926038e-08,1.2228678598259484e-11,6.175094065763438e-07,PCHIP,25,interpolation
801,3200,0.0,0.15457638486880654,0.22195032159328634,0.9999105355389991,1.2344037879258565,0.06793263306954789,1.5632024090452763,1.9778868184170524,0.9999999946570804,5.713995419708226,0.007934753708878615,0.0002559726946674125,0.00037245793486726946,0.9999987086836901,0.0020455893912549317,0.09246143229518033,0.10528323853321839,0.15114740050904527,0.9998990069400897,0.8405821589164475,0.034784180571941756,0.45582950128549216,0.5878392496135629,0.9999520614549648,41.44500003894791,0.75390625,0.0004187316340872183,0.00025879842276351633,2.299372675461416e-05,0.0007005237836053488,Полином 15-й степени,25,interpolation
801,3200,0.0,7.9834770037248886,9.24157581880927,0.8448931227858569,17.65147409916213,3.4393219814581313,6931.416988782061,8092.493475512847,0.9105582114011076,21218.21900473324,39.26024960847943,0.06296084297394534,0.07326215269543876,0.9500382633737887,0.18238175446576177,23.812067642641836,5.014730973422272,5.819745859983932,0.85027366088158,11.259799359878002,1.6416400572138148,1736.1195394005454,2026.907014836084,0.8889408146105833,45.3426000312902,0.8740234375,0.5636004368967923,0.04964288347956925,0.0019331613718278737,0.6151764817481894,Линейная регрессия,25,interpolation
801,3200,0.0,3.1377513654327176,3.9850490600100046,0.9711592641258086,13.901460406698504,1.2931393826014712,5265.868146680046,6723.723319193596,0.9382559052900573,24572.450858314594,22.54115358032627,0.05361639594219977,0.06840261236882271,0.9564464508763181,0.2470567160734991,14.757732755914295,1.8687961879573731,2.36435968931772,0.9752874672102247,8.204483560520714,0.5981389421590171,1317.7320776573447,1682.5352826388232,0.9602872718756021,109.61260000476614,1.1240234375,0.7559803969129679,0.02647211340005796,0.0011294820318512688,0.7835819923448771,Полиномиальная регрессия (5),25,interpolation
801,3200,8.36082520004129,0.6701419320539753,0.9310754130384659,0.9984256230990174,3.4449152383729995,0.28175179643180387,4758.590091153459,5630.702056882288,0.9566987079917166,16005.698069520251,21.321162676228052,0.014673910692347405,0.019077792281709232,0.9966120701737214,0.07169357856262693,3.3287854604930023,0.7253483377882329,0.9195331739955606,0.996262123314177,3.1110036460223114,0.2361618152448686,1190.0000638334984,1408.142935815401,0.986999631144658,190.46279997564852,304.501953125,0.5770026167441965,0.11576002465876625,0.002279072731769784,0.6950417141347325,"MLP (50,25)",25,interpolation
801,3200,0.6645263000100385,0.033645074613960914,0.054669462867003416,0.9999945721403884,0.22451566458499883,0.013422741743119438,62.22939003630835,81.49467146241012,0.9999909294382118,278.45723213155725,0.24240330325032208,0.0007517396107281339,0.0009683077535062308,0.9999912721958294,0.003474512421725695,0.2049695813801925,0.02103560915990908,0.03401696612534234,0.9999948845797189,0.12213295151207149,0.006630320769710853,15.571205614923237,20.396081549788992,0.9999929145885371,203.9935999782756,1613.4033203125,1.407659271868246,0.0019523234053403515,0.00012145715745120493,1.4097330524310376,Градиентный бустинг,25,interpolation
801,3200,0.5478084999776911,0.011645156250127462,0.01934944957877845,0.9999993200511816,0.06825000000000614,0.004641196646642576,15.655865684107347,23.38178778767394,0.9999992533257256,117.98383763460151,0.04765668571079588,0.00018551659006039612,0.0002584203627874889,0.9999993783704685,0.0011599157272803584,0.04299098679473356,0.007362253566069192,0.01223413492563146,0.9999993383372316,0.04319019535881807,0.0023204917299819955,3.918764652628401,5.853407448135284,0.9999993225211519,28978.224999969825,21525.9892578125,0.5936756679518693,1.071415714903417e-05,5.098615319060486e-08,0.5936864330951716,Случайный лес,25,interpolation
801,3200,0.7159281000203919,0.18470131773907567,0.42991135462970276,0.9996643421381041,2.3945026889175267,0.08369991000055255,7134.937174875364,14288.005207680917,0.7211831866986946,53022.200720509405,18.958472693050332,0.006491500896961606,0.007215918511711103,0.9995153129516985,0.010607668804840487,2.333909574335421,0.12226412292679686,0.2835170917598053,0.9996446562701106,1.5944320790503639,0.04102652142591066,1783.8126579542318,3572.1814630114545,0.930001874514652,224.57379999104887,43.3115234375,0.6418577474198138,0.24671437758875506,5.376841885224053e-05,0.8886258934274212,SVR (RBF),25,interpolation
801,3200,39.1458474000101,71.97818000316617,75.70661260672189,-9.40894279753208,123.78325622558589,29.814227045951526,35110.959363453054,44327.984629090424,-1.6836861979005548,101064.02234840298,98.87345757866488,0.004173222836977466,0.00478536095274121,0.9997868390841314,0.01119024291987425,1.6478110659054197,132.9664352683474,133.81435676962425,-78.15814121241321,165.43995875479413,43.06751560360813,8828.97703798685,11134.37759595693,-22.06274584219043,114.5696000312455,147.1806640625,0.9999999995688019,113.72239678252726,1.160538102079843,115.8829348841759,PINN,25,interpolation
401,3600,0.0,4.705371894589108e-15,1.491951758985846e-14,1.0,5.684341886080802e-14,1.832802577304445e-15,0.12775824386008608,0.1509306664534177,0.9999999999688878,0.35974343746784143,0.000447236237394618,1.3135789671773378e-06,1.4431965663712863e-06,0.9999999999806122,2.8167058973571635e-06,0.0003746284372360882,6.740466068543406e-06,9.613173555965353e-06,0.9999999999995914,2.072695031074545e-05,2.1325707399339686e-06,0.03194157447628163,0.037735430705888744,0.9999999999872728,33.58639997895807,38.59375,0.0010779793535980408,1.0426747596007626e-06,4.4943267522334345e-08,0.0010790669716251638,Линейная интерполяция,50,interpolation
401,3600,0.0,0.0001290017007770356,0.001489248716811938,0.9999999959721448,0.027580007401951434,5.950770461987435e-05,3.0721812993053595e-05,0.00035407785089543376,0.9999999999999998,0.0065574153886700515,1.358415889558079e-07,2.1669107373300846e-07,2.501609186859732e-06,0.9999999999417472,4.6603703127756635e-05,5.958437465223424e-05,8.784785464390172e-05,0.001014151798653408,0.9999999954532983,0.018785559021125664,2.976287610178136e-05,6.194701487193098e-05,0.0007149949938869099,0.9999999978417975,7.0303999818861485,63.095703125,7.420135542159977e-07,3.3797915209647868e-09,2.8409409764459257e-10,7.456774398346071e-07,Кубический сплайн,50,interpolation
401,3600,0.0,7.447916667384252e-05,0.0016713291554427425,0.9999999949270176,0.047775000000001455,3.435682559548141e-05,9.214621997039609e-05,0.0004939080016317675,0.9999999999999997,0.009910603737807833,3.544339563450626e-07,1.2567408370082328e-07,1.99688806483823e-06,0.9999999999628819,4.450046133308572e-05,3.45720705470311e-05,5.071980219928681e-05,0.0011381454208667918,0.9999999942735426,0.03253392358629981,1.7183876548333495e-05,5.4367715731806555e-05,0.0008263448665015349,0.9999999972908604,7.112800027243793,63.1015625,1.7462151859794782e-06,2.4464930746353776e-07,8.730300498475144e-11,1.990951796448001e-06,PCHIP,50,interpolation
401,3600,0.0,0.15463075548257446,0.2220712598852126,0.99991043793729,1.235172549750331,0.06796703829170198,1.5645019800752085,1.979721717625212,0.9999999946471563,5.725331469144294,0.007929490990545759,0.0002560665755169363,0.0003726730235096485,0.9999987071906914,0.0020468535746751004,0.09238451998489922,0.10531900312016391,0.15122955365313065,0.9998988970404427,0.8411031277433949,0.03479885462714395,0.45617695131336594,0.5883488010467663,0.9999520092038952,43.0970000452362,0.75390625,0.0004080069943266835,0.0002582095061313135,2.2942115909137003e-05,0.0006891586163671339,Полином 15-й степени,50,interpolation
401,3600,0.0,7.983701308361042,9.241631200838777,0.8448911273894846,17.62546255164321,3.4396094438441556,6935.366116766214,8092.5833948933005,0.9105561195440333,21183.63133793522,39.262983510605096,0.06299904033235716,0.07326295626729247,0.950037123378627,0.18211522559326077,23.81057538312237,5.014781654441513,5.819779685579839,0.8502717955518774,11.242258870574915,1.641697576340848,1737.106899692337,2026.9295171839967,0.8889390414660056,57.36660002730787,0.8740234375,0.563449137985297,0.04967025490411004,0.0019349830793332968,0.6150543759687404,Линейная регрессия,50,interpolation
401,3600,0.0,3.1439436501011895,3.9854088585467733,0.9711540306363525,13.878078115065307,1.295828141954889,5272.778450463408,6724.092162319034,0.9382490589847854,24524.31707614966,22.53224699276765,0.05368332188248407,0.06840619030409262,0.9564418561006188,0.24657027742666204,14.75286258143425,1.8726247881925975,2.3645832111856637,0.975282773832812,8.19092463373471,0.5993973526744287,1319.462175555896,1682.6276401447678,0.9602819298886421,112.04560002079234,1.1240234375,0.755130597209252,0.026493997147599948,0.0011304078507394573,0.7827550022075914,Полиномиальная регрессия (5),50,interpolation
401,3600,3.632702300004894,3.173528521521849,4.050736407811415,0.9702006122581374,9.615658454546605,1.4014786942741406,5763.870499227069,7100.348126133485,0.9311449892678128,22664.067936182168,24.057003023410555,0.01850040829323304,0.023783126656669127,0.9947347808254422,0.08306183218860408,4.705414719571153,4.775177888489384,5.969302974305608,0.8424792494287185,15.677329481892627,1.5876406397358303,1442.9594265113433,1777.5979871605646,0.9346399079450277,219.61599995847791,278.07421875,0.6741987735404006,0.13845188810266582,0.017080886122330673,0.8297315477653971,"MLP (50,25)",50,interpolation
401,3600,0.46164960000896826,0.04987377708901335,0.0753865191956311,0.999989678881681,0.21224553751412145,0.019901247278009418,76.04303538257504,99.1038196902248,0.999986586038595,327.8384288385423,0.27094123564443834,0.0009126034004671999,0.0011480767269136753,0.9999877306831131,0.0035936706292700737,0.23647281450479468,0.0315645931654415,0.047803440942910336,0.9999898979655439,0.13636044342456444,0.009954156858164167,19.03134658905749,24.807039431772566,0.9999884733922333,198.52420000825077,1553.3564453125,1.6693449916085445,0.001260621243644212,4.52492022061228e-05,1.6706508620543947,Градиентный бустинг,50,interpolation
401,3600,0.4916443999391049,0.02515590277794778,0.04165254656580942,0.9999968491879951,0.16249999999979536,0.01005132346356719,33.47895577905962,49.532314866880604,0.999996649161356,257.29027798173774,0.1019892011094997,0.0003970638109316818,0.0005495303113821959,0.999997188993422,0.0025613051501283124,0.09188065901025258,0.015922538819394594,0.026397677120393127,0.9999969194947511,0.10777541168073412,0.005024952172889547,8.380107821116972,12.400228655219546,0.999996901709381,28008.5134000401,11101.4052734375,1.076952891510679,4.399648920861026e-06,1.2919886032920204e-07,1.0769574203584602,Случайный лес,50,interpolation
401,3600,0.19083779997890815,0.19708564489082422,0.4555039353173015,0.9996231889403362,2.491547215334805,0.08929694065265675,11512.131763588186,19997.55010157182,0.45382747105272025,64709.86061112143,33.14330742681547,0.0062174732741013,0.006950002551811656,0.9995503770353159,0.010190506529626497,2.217704429467136,0.12994375411084463,0.2999612564153353,0.9996022402297943,1.6574241267837238,0.04361927536338448,2878.1162526151156,4999.578129191526,0.8631508193145416,166.3513999665156,23.4052734375,0.794710567088135,0.4377983876122588,6.110325590169114e-05,1.2325700579562955,SVR (RBF),50,interpolation
401,3600,4.961088499985635,0.005164815492985879,0.023230024851218386,0.9999990199714601,0.29785906267264295,0.002360957964781153,1.4494655443694489,2.8132509736982136,0.9999999891908082,25.028956459616893,0.004760987008814652,7.138159597196788e-05,0.00018576692089231284,0.9999996787705736,0.0014573834126742624,0.01978699346428564,0.003303715671329886,0.015100349106446816,0.9999989919907816,0.19630086581105388,0.0011142476539847189,0.3645013642824341,0.7129417786441927,0.9999994199809059,138.37499998044223,5085.9169921875,0.0007088207495075455,0.00013755184072193662,1.9021398600639e-06,0.000848274730089546,Гауссовский процесс,50,interpolation
401,3600,36.15613119996851,72.34602472093368,76.05641484049389,-9.505363248057648,124.15103881835932,29.971332018585628,35110.58530965447,44327.67873564488,-1.683652285549159,101063.65410804654,98.87139315520757,0.0038582279676340155,0.004479578155739262,0.9998132103565246,0.010167784843397198,1.529139788247613,132.88387840619546,133.7323255927971,-78.06118547816745,165.35746974112226,43.04063180840947,8828.954767752391,11134.367988914082,-22.062596950354433,116.32740002823994,147.1806640625,1.0,113.13710157263763,1.1536675631461455,115.29076913578378,PINN,50,interpolation
201,3800,0.0,4.824211205950154e-15,1.4587317495482725e-14,1.0,5.684341886080802e-14,1.902564513874465e-15,0.4878036161377311,0.5876459503115322,0.999999999528362,1.4363326430611778,0.0017076371435562365,5.015476689852855e-06,5.619055998279719e-06,0.9999999997060957,1.1222538426114426e-05,0.0014304060918472813,2.5736316658971623e-05,3.742882785340309e-05,0.999999999993807,8.28147236688892e-05,8.142537518409554e-06,0.12195859198277119,0.1469222495488496,0.9999999998070661,32.57859998848289,19.83203125,0.0025526659429729753,3.981082527177175e-06,1.7160157006720373e-07,0.0025568186270702197,Линейная интерполяция,100,interpolation
201,3800,0.0,0.0004925519484097893,0.004100250159170554,0.9999999694676068,0.055160014803874446,0.00022707451268133655,0.00023496888772857154,0.0019495430742930745,0.9999999999999948,0.026228532638924662,1.039932208569382e-06,8.2737146870227e-07,6.887881265310693e-06,0.999999999558378,9.375973204356347e-05,0.00022769136381290135,0.0003354190882464835,0.002792197379466462,0.9999999655345874,0.037579251205670516,0.00011360581456491742,0.0002659418239633867,0.0022122196235488502,0.9999999836401418,6.973399955313653,31.837890625,2.2544996958175994e-06,2.576391031496524e-08,2.1663118360175105e-09,2.282429917968582e-06,Кубический сплайн,100,interpolation
201,3800,0.0,0.0002843750000084586,0.004601899870909816,0.9999999615395405,0.09611875000004488,0.00013110241537959587,0.0007151359504661358,0.002760761659179969,0.9999999999999896,0.040054380860965466,2.7539220623942568e-06,4.820973400781733e-07,5.5005097322659085e-06,0.999999999718366,8.98468282881093e-05,0.0001327851869362263,0.00019366082817845454,0.003133812922216199,0.9999999565852419,0.06545517149356783,6.559268234901365e-05,0.0002984134689982818,0.0026254937405095625,0.9999999794607846,7.020400022156537,31.84375,7.227130883161149e-06,9.386255860312872e-07,6.637277759007561e-10,8.166420196968337e-06,PCHIP,100,interpolation
201,3800,0.0,0.15500939836647382,0.22242640754337129,0.9999101510858199,1.2351111844618856,0.0681431064958429,1.5682226995893045,1.9850909891471766,0.9999999946180691,5.743527828290098,0.007931568834548116,0.0002566716014550931,0.0003733052771580899,0.9999987027980883,0.0020467105450982515,0.09253646973697766,0.10557701110609595,0.1514708055766256,0.9998985740410364,0.8410578683283916,0.034886733140057476,0.4572664451658323,0.5898403768860829,0.9999518556357535,43.89959998661652,0.75390625,0.00039230983224325036,0.0002583083478991975,2.294180589544753e-05,0.0006735599860378954,Полином 15-й степени,100,interpolation
201,3800,0.0,7.984253869299931,9.24187473865789,0.8448826795865322,17.573692533618953,3.440228806318539,6943.35451494532,8092.9705732964585,0.9105473523068235,21114.50736042249,39.26867040585663,0.06307643880937273,0.07326641428087048,0.9500323187931824,0.18158216462599674,23.807832740292177,5.0149351972213925,5.819929093034521,0.8502638580039515,11.207358503670775,1.6418295271452066,1739.1041951126629,2027.026410885608,0.8889315521726223,55.73820002609864,0.8740234375,0.5631467410798642,0.04972581615745903,0.0019386655877020275,0.6148112228250253,Линейная регрессия,100,interpolation
201,3800,0.0,3.156572021600071,3.9868714749947234,0.9711328034637478,13.830907865859274,1.3013219938108327,5287.090412162183,6725.612446199896,0.938220988739837,24427.764400794593,22.521729421057337,0.053820885477453034,0.06842094321937771,0.9564229892963649,0.24559501226557345,14.747290891380402,1.8803942429578289,2.365491872806069,0.9752637322703148,8.163548904517427,0.6019531846870986,1323.0452998280548,1683.008307622729,0.960260128442566,106.16279998794198,1.1240234375,0.7535031130193227,0.026543103662643903,0.001132461546273901,0.7811786782282405,Полиномиальная регрессия (5),100,interpolation
201,3800,2.265635599993402,5.637649673547153,7.138418010872457,0.9074568901702778,17.47284627391818,2.4861740029759565,6067.051003694044,8119.256844384154,0.9099653175138076,28472.418864497216,23.297926645465168,0.027918799411508655,0.0346283161317171,0.9888379986997826,0.1171592448530534,6.872191587031668,6.017496356070422,7.566610427515354,0.7468989182077168,16.48062058205062,1.9989438472626155,1519.6835171307682,2033.4991252846683,0.8882897811478963,193.66920000175014,282.3642578125,0.712442334564726,0.13127384723725644,0.015133957148257661,0.8588501389502402,"MLP (50,25)",100,interpolation
201,3800,0.36964179994538426,0.09408490702708427,0.143127157289861,0.9999627964631373,0.32618399291473565,0.037528872209712016,126.40768815984379,171.6833549953772,0.9999597437181285,596.5706466963311,0.38667212070417195,0.0014977294339283812,0.0019050767030591065,0.9999662165301165,0.005835450589352309,0.34733823249966883,0.05950715696992298,0.09060185076458178,0.9999637118029765,0.2210795489525026,0.01876350199763889,31.64069448831868,42.97974727003367,0.9999631171285897,198.61780002247542,1626.208984375,1.8417747003697256,0.00024324273471120384,9.263083260144477e-07,1.8420188694127628,Градиентный бустинг,100,interpolation
201,3800,0.4618513999739662,0.04961039473690843,0.0810988541518064,0.9999880554560109,0.3249999999997044,0.019825602145059622,66.25088850031995,96.37980891838146,0.9999873132787119,594.1984990623023,0.2040141338288185,0.0007873292564036274,0.0010706136133842741,0.9999893304809259,0.005831699234544407,0.18426218271778366,0.031405605643669954,0.05141939158519467,0.9999883118676831,0.2064560980086867,0.009911986125281085,16.58317295748923,24.12834944443296,0.999988252770833,28001.671399979386,5697.8876953125,1.3515728839023247,1.1421070236011908e-05,4.890907111188683e-07,1.3515847940632717,Случайный лес,100,interpolation
201,3800,0.04713850002735853,0.23251558098732042,0.49082953350208164,0.9995624763724104,2.6064184655743645,0.10347856850698126,16681.989177383955,23940.310958527578,0.21722517204381941,69784.26340893359,63.312321401140395,0.0061885998153515575,0.00692906482207523,0.999553081255678,0.010324554409923636,2.2261719957067303,0.14097953706325236,0.3214024095085352,0.9995433436418519,1.7392341130048976,0.047258579361617564,4170.592215275456,5985.282529883852,0.8039710183284399,144.73880000878125,13.6845703125,0.8952477537925964,0.6302292189626333,0.00013431980499480596,1.5256112925602243,SVR (RBF),100,interpolation
201,3800,1.062769699987257,0.007181406425800247,0.029350860182885727,0.9999984354775291,0.3472002565200967,0.003278641105778304,2.049688045680144,3.808742243141871,0.999999980187447,31.70674533476995,0.006813566027184917,9.892214612740035e-05,0.0002359613660036701,0.9999994817239684,0.00170591193833447,0.02757207493806939,0.004590901123952404,0.019050894247284997,0.9999983955655268,0.2284697596222145,0.001547414326124677,0.5153898188440059,0.9643449897345114,0.9999990732386177,109.6302000223659,1304.6474609375,0.0008859561125587343,0.00018862533159420104,2.7217021799846378e-06,0.00107730314633292,Гауссовский процесс,100,interpolation
201,3800,34.09659000003012,72.02342679073935,75.74962219715466,-9.420800466205394,123.8284985351562,29.833553184925066,35110.52608787618,44327.61258743634,-1.6836505282192782,101063.60650062466,98.87112681221393,0.002138394814666503,0.0026309162734426614,0.9999355692219228,0.007180707200435454,0.8411581316182644,132.7910950506694,133.6401261033145,-77.95233992347951,165.26458949209882,43.01041888030307,8828.835687028099,11134.25124166327,-22.014213837170566,116.82760005351156,147.1806640625,1.0,113.47184396031929,1.1556173479717304,115.62746130829102,PINN,100,interpolation
101,3900,0.0,4.831690603168682e-15,1.4838312863387735e-14,1.0,5.684341886080802e-14,1.899676234974686e-15,1.904747798235962,2.3202262151329993,0.9999999926474166,5.724248762751813,0.006668039443407127,1.958413861407208e-05,2.218586692768225e-05,0.999999995418226,4.45383045429848e-05,0.005585498368911972,0.00010049405872781592,0.00014778336495047757,0.9999999999034519,0.0003305167045937196,3.1794587415596024e-05,0.4762169691083272,0.580099046091223,0.9999999969922736,22.908999992068857,10.45703125,0.005471374543125496,1.5544565875535224e-05,6.700633201167975e-07,0.005487589172321148,Линейная интерполяция,200,interpolation
101,3900,0.0,0.0019232980842429233,0.011447674397737855,0.9999997620004136,0.11052248804418241,0.00088561003511926,0.0018406132437284656,0.010882147325813819,0.9999999999998382,0.10508817740264931,8.167178599453425e-06,3.230767504024579e-06,1.9234657323025477e-05,0.9999999965561062,0.00019007597999404213,0.0008909378390704616,0.0013097317720305222,0.0077956646771276525,0.9999997313424803,0.07532902405199593,0.00044333699261322557,0.001269218466876484,0.007536180264500588,0.9999998724747096,4.8952000215649605,16.212890625,8.417563702732842e-06,2.0095738756662885e-07,1.690593481273408e-08,8.635427025112205e-06,Кубический сплайн,200,interpolation
101,3900,0.0,0.0011104166666734362,0.012848312709678306,0.9999997001984584,0.1925015624999844,0.0005113121485340276,0.005614650409238843,0.015887073286139846,0.9999999999996553,0.16276587904940243,2.1720256497016354e-05,1.8996492746402555e-06,1.5369460166348543e-05,0.9999999978011375,0.0001812245951186564,0.0005246802354793705,0.0007562272051091832,0.008749485950255863,0.9999996615786318,0.1310902647853709,0.0002559795058157026,0.0018707984825740258,0.009375060351560091,0.9999998398944707,4.797200032044202,16.21875,2.962322619837228e-05,3.700479568435798e-06,5.188168706714042e-09,3.3328893935514794e-05,PCHIP,200,interpolation
101,3900,0.0,0.15647400810851303,0.22314283822884015,0.9999095710327942,1.2285779151305007,0.06877132628356994,1.5784208323738853,1.996427486681357,0.9999999945563978,5.764071277826588,0.007973032996604162,0.0002590834133899749,0.0003745889043895035,0.9999986938571757,0.0020357046066856177,0.0937082920233134,0.10657522036630966,0.15195755083185725,0.9998979207968643,0.836604678542642,0.035212364944962035,0.4604322860655245,0.592975616161611,0.9999515450608081,28.00799999386072,0.75390625,0.0003795116311922815,0.00026227943050251485,2.324900505491866e-05,0.000665040066749715,Полином 15-й степени,200,interpolation
101,3900,0.0,7.9855942826635635,9.242883308458193,0.8448482760598381,17.471152009318445,3.441565854786372,6959.807670065215,8094.573698865622,0.9105114927504748,20976.465426336887,39.281451143446986,0.06323476046301904,0.07328074788281329,0.9500125898387173,0.18051604511896135,23.803251135984738,5.015399874608627,5.820548369357207,0.8502314911088056,11.138271185806957,1.642145083721376,1743.2179747457374,2027.4276028228298,0.8889009624394589,43.52980002295226,0.8740234375,0.5625414635586174,0.04984026226215294,0.0019462061615357889,0.6143279319823062,Линейная регрессия,200,interpolation
101,3900,0.0,3.1826602327227262,3.992554976603591,0.9710503394794753,13.734947799331678,1.3127092708457493,5317.267600258509,6731.626854235525,0.9381101586863617,24233.50794295754,22.525607823056816,0.05411284621877037,0.06847933982698773,0.956348418741126,0.24363478456102206,14.751730904783425,1.8964752284211368,2.369020228676896,0.9751898015025383,8.107768253846132,0.6072520674224735,1330.600212141468,1684.5142271951581,0.9601746796023753,104.01139996247366,1.1240234375,0.7505334540802072,0.02665991171358621,0.0011372449192461145,0.7783306107130396,Полиномиальная регрессия (5),200,interpolation
101,3900,2.7731384999933653,1.4493787463254055,2.035952415566681,0.9924720467708005,6.304169663493752,0.6314764413613309,5706.2285464328215,7218.054330254394,0.9288426781861859,22908.960556094622,20.25197755647875,0.08816048805571468,0.11130637049294505,0.8846756824012447,0.2118732620636562,20.560652039711893,1.8313240531913386,2.6019777336102563,0.970070473079065,7.104076855763026,0.6029984661619823,1427.3993524300986,1805.700891693516,0.944015220109324,175.5107999779284,380.865234375,0.5958532204632925,0.16448622847182193,0.006994219871728969,0.7673336688068434,"MLP (50,25)",200,interpolation
101,3900,0.3141639999812469,0.18333334057011655,0.282035014569664,0.9998555399623369,0.6500000052480459,0.07312761950281708,245.84154164328754,337.7573150475692,0.9998441923318617,1195.4013051751972,0.7484882266581703,0.0029160380411238375,0.003744616837578421,0.9998694744228563,0.011716056257934593,0.6753273241666355,0.11595655233731549,0.1785324890338014,0.9998590947352447,0.4416458492094648,0.03656265340912129,61.535936893559025,84.55540679200256,0.999857075363075,183.5603999788873,1734.90625,1.9227576574933847,7.225360365623404e-06,1.3157231609238276e-11,1.9227648828669075,Градиентный бустинг,200,interpolation
101,3900,0.44980449994909577,0.10064000000007509,0.1626970804901137,0.9999519270044457,0.6304999999998131,0.040245898656732414,133.43937727088695,193.98678512162417,0.9999486046779238,1141.3691474201187,0.4117545419471889,0.0015842475184550152,0.0021480902093746813,0.9999570477536311,0.011227807134210899,0.3721113614218119,0.06372686889168741,0.10312784112405264,0.9999529841217185,0.41005296951539094,0.02012012877583649,33.40133209682429,48.56368953336193,0.9999526408894297,27443.282200023532,2911.6845703125,1.5343925947090553,4.91440081539062e-05,2.101793121903313e-06,1.5344438405103311,Случайный лес,200,interpolation
101,3900,0.014268799975980073,0.2676564519394659,0.5183592262173269,0.9995120185298018,2.6579547929118235,0.11747222675675068,19318.405161931598,26138.55695990776,0.06686921837772852,72271.81184201133,78.92532554964696,0.006379895942944636,0.007083251716180146,0.9995329684697047,0.010433188120101619,2.3115600389190605,0.1681865487822254,0.3441298477357448,0.9994764750483575,1.7995278274115094,0.05582704173149592,4829.711846207065,6534.856633058358,0.7663476701063981,137.68960000015795,8.3916015625,0.9468967126063896,0.7301155949709444,7.902096447637681e-05,1.6770913285418103,SVR (RBF),200,interpolation
101,3900,0.4127926000219304,0.009791956773008552,0.03570206994765753,0.9999976851201298,0.38253927312209157,0.004463051400592287,2.9303967149351577,5.083763033584767,0.9999999647020162,38.04100944772654,0.009797243933147836,0.0001375818440792887,0.0002974721303231047,0.9999991762917458,0.001977950339294654,0.038874537387323535,0.006241315791276619,0.023080155370778975,0.9999976451125411,0.25018531852379056,0.002101940192210414,0.7366418923358805,1.2857106827583815,0.9999986178066083,97.55140001652762,351.5224609375,0.0010945652034271146,0.0002571943378666894,4.052100994613036e-06,0.001355811642288417,Гауссовский процесс,200,interpolation
101,3900,33.387345399998594,71.67006553454276,75.41370471054512,-9.328618048305735,123.47512023925776,29.6826383473726,35111.09545689698,44328.02509358299,-1.6837129795307977,101064.19910621548,98.87445048096146,0.0020295673302858667,0.0025492377957085353,0.9999395074978866,0.006732539876369292,0.835216248849809,132.26197147823473,133.11437740134932,-77.33261611983608,164.73553675772382,42.8381172670891,8828.757380869272,11134.13893123317,-21.83625191004368,106.74120002659038,147.1806640625,1.0000000001632365,114.07928028011773,1.147250170474013,116.22653045075498,PINN,200,interpolation
41,3960,0.0,1.4139082721690883e-15,6.339218411826052e-15,1.0,2.842170943040401e-14,6.190576846931199e-16,11.730063329531902,14.389705620944087,0.9999997171936297,35.383616629827884,0.04107066682209047,0.00012060516428863153,0.0001375901136985628,0.9999998237780932,0.000271887010266314,0.03440294337724369,0.0006188907277580332,0.0009166009933827274,0.9999999962858649,0.0020519337431323947,0.00019580455656977456,2.9327007063559876,3.597689953012794,0.9999998843143969,33.26900000683963,4.83203125,0.014202594718096104,9.570533847862925e-05,4.126611350676009e-06,0.01430242666792541,Линейная интерполяция,500,interpolation
41,3960,0.0,0.011844701620245073,0.044906804222112906,0.9999963375597617,0.27634905236249097,0.0054347734117275726,0.02862508606124564,0.1064621528661682,0.9999999999845198,0.6561241933050042,0.0001286727195415199,1.990001933515597e-05,7.556372277532434e-05,0.9999999468489156,0.0004918139615534556,0.005541142419496235,0.008066034538183966,0.03058080128712381,0.9999958657687303,0.18859618009804535,0.0027254345481483623,0.012138930559752459,0.04550633052454506,0.9999980375404819,6.94440002553165,6.837890625,5.235500667089713e-05,3.0878852140221085e-06,2.599639024079558e-07,5.570285578732719e-05,Кубический сплайн,500,interpolation
41,3960,0.0,0.0068385416666680516,0.050401227181292696,0.9999953865218388,0.48144525000000726,0.003137691370937009,0.0870878801686053,0.17068076288919273,0.9999999999602118,1.058171117951133,0.0003422077686856296,1.2007259764635641e-05,6.044020522799797e-05,0.9999999659954292,0.0004630721396616799,0.00335235327233571,0.004657839509375816,0.03432268101317653,0.9999947921381603,0.3278577761157635,0.0015738247603331488,0.024649067151103453,0.06386627782222248,0.9999975361539101,6.97400001809001,6.84375,0.00018900039052375595,2.345751834205879e-05,8.041019529287542e-08,0.0002125383190611076,PCHIP,500,interpolation
41,3960,0.0,0.1683758255329017,0.22806374827616066,0.9999055376462361,1.155375873873112,0.07363778055789204,1.6230599978618687,2.028374643837141,0.9999999943807065,5.695306144141796,0.00832096710442701,0.0002782794589420338,0.0003829635396876698,0.9999986347873792,0.0019130831460879016,0.10512141973137626,0.11467566352993885,0.15530358756249935,0.9998933747598362,0.7867750021703728,0.0377901737443606,0.47659744159591283,0.6030312358038722,0.9999493853935395,41.670800012070686,0.75390625,0.0004539864514890039,0.0003085710477485577,2.7035599277663068e-05,0.0007895930985152247,Полином 15-й степени,500,interpolation
41,3960,0.0,7.99177925377468,9.2498892408158,0.8446113432999195,17.17127308362373,3.4464972533129767,7012.141701093625,8105.996135390901,0.9102575020521002,20563.99997293127,39.32748352912792,0.06373981581699506,0.07338332760554377,0.9498720159202018,0.17731802168963773,23.79700359269786,5.018096261351982,5.824839207855646,0.8500090938992328,10.936537582665721,1.6435168315898394,1756.303829106142,2030.2860617917945,0.8886874887928635,49.87420001998544,0.8740234375,0.5607218763197173,0.0502066619392965,0.0019700957739179972,0.6128986340329318,Линейная регрессия,500,interpolation
41,3960,0.0,3.2660281436888745,4.027896680800663,0.9705352411300718,13.434151077559534,1.3493490169447482,5420.169351691689,6770.676981190231,0.9373891559368683,23641.30437040799,22.72522590590861,0.055109436821332264,0.068858966860592,0.9558626309537749,0.23767350825922118,14.879576658140389,1.947439352530718,2.390902010752048,0.9747291063227217,7.932224715607106,0.6241049324591299,1356.3594821561826,1694.2911597121613,0.9596290335858592,112.96739999670535,1.1240234375,0.7438073954115594,0.027148234314836504,0.001156662035847559,0.7721122917622434,Полиномиальная регрессия (5),500,interpolation
41,3960,2.348644899990177,1.6216214318326743,2.3897202122896033,0.9896285289106215,7.039795195194017,0.716888140728662,5776.12061322434,7278.620433339022,0.9276425065936983,22584.39813962509,20.23944241586908,0.08722553655281434,0.11101660761928951,0.8852741347406168,0.21177718328205708,20.049613612471624,1.7617404904788057,2.430428741676461,0.9738866354992877,6.561317079511582,0.5804147496281717,1444.897800170801,1820.887899725152,0.9441079514360561,188.38639999739826,380.8896484375,0.5948923988727559,0.15507148811230198,0.007237728872812207,0.75720161585787,"MLP (50,25)",500,interpolation
41,3960,0.28948760000639595,0.4513888957078247,0.6993585838040512,0.999111727807282,1.6250000042850559,0.18004797736437508,605.327278641263,837.5788640921663,0.9990418427540091,2967.4646070116432,1.8430174501090066,0.007179975636123942,0.009285854991248262,0.9991973444147626,0.02913201617629335,1.6628530361455058,0.2854997174231025,0.4427055160033268,0.9991335831048598,1.1004248240537322,0.09002161426921734,151.51783680750754,209.68255351174125,0.9991211245202283,185.51720003597438,1771.3544921875,1.9691655922522249,1.6626358202627368e-08,1.2128303572178262e-11,1.9691656088907115,Градиентный бустинг,500,interpolation
41,3960,0.43024050001986325,0.26131313131319284,0.42262876825595247,0.9996756123141645,1.8849999999994793,0.10383753295218526,350.2424174502627,529.8976970947776,0.9996164964104243,3266.991564980359,1.0618838939004487,0.004142731085846538,0.005798636989694517,0.9996870050860784,0.03245382367684568,0.9610987245850297,0.16518782973423093,0.26601745731462884,0.9996871635693994,1.121893316650869,0.051985947731763356,87.66826528559899,132.6480354893345,0.9996665693450166,28072.200199996587,1235.14453125,1.6432771909626427,0.00033904024623837066,1.409690654932044e-05,1.6436303281154305,Случайный лес,500,interpolation
41,3960,0.006263599963858724,0.3139918204779987,0.6055892463674291,0.9993339565577221,2.9575951770720508,0.13812561059621528,20900.779513370286,27511.43568713557,-0.033741325967574065,73764.77142993556,88.29614708331675,0.006720695141763535,0.007372305969498414,0.9994940680110431,0.010792202126836736,2.364907807183123,0.19952400091506195,0.39094046797996307,0.9993243554109659,1.9738607459591435,0.06621386655235247,5225.324937471706,6878.109897288971,0.7411027635030392,125.13180001405999,4.96484375,0.9779059142759393,0.7894668479889976,0.0002503074809535245,1.7676230697458903,SVR (RBF),500,interpolation
41,3960,0.2719356000015978,0.032085111245242215,0.08288181127108749,0.9999875243059928,0.6301208200848407,0.014493295545082345,4.682627653443024,7.44035322585468,0.9999999243911771,41.23706549183407,0.015137890903548326,0.00020542242673954634,0.0003932424361207252,0.9999985605181512,0.002314791039548736,0.05957945097156351,0.02172793869153582,0.05624047627940684,0.9999860171716681,0.42794201523366837,0.007283395451462775,1.1841615314516352,1.8949671889603237,0.9999930065967473,91.47879999363795,79.62109375,0.0014460703105870366,0.0003745883289144702,2.07066963580549e-06,0.0018227293091373122,Гауссовский процесс,500,interpolation
41,3960,32.36891000001924,71.98800753969134,75.71589383713453,-9.41166904131403,123.79308288574214,29.8184343121808,35110.100258794184,44327.12142535033,-1.683641059366861,101063.27361488248,98.86926485907802,0.0021738467775827986,0.0027216281693287357,0.9999310486109071,0.007009880288509185,0.9004763781659912,133.1320419100957,133.97890394859445,-78.35419442852606,165.60560816885663,43.12144391689171,8828.805620522688,11134.204736191055,-22.11239337014901,115.20440003369004,147.1806640625,1.0000000003216083,113.30071543151516,1.1645073279177836,115.46522275975455,PINN,500,interpolation
21,3980,0.0,1.7638598566105e-15,7.080389277471805e-15,1.0,2.842170943040401e-14,7.807548970464219e-16,46.68235237458195,57.39362541218898,0.9999955009296121,138.94929059686547,0.16354477688541674,0.0004799689292010112,0.0005487325996238817,0.9999971970548613,0.0010524295476481704,0.13699376960361775,0.002463227930013017,0.003656878567817996,0.9999999408812332,0.008117337459339069,0.0007792901316820884,11.671323892860292,14.349457755839108,0.9999981597164267,32.317599980160594,2.921875,0.02873317843397545,0.00038055089792733633,1.642475630766221e-05,0.02913015408821045,Линейная интерполяция,1000,interpolation
21,3980,0.0,0.0471465834126408,0.12669608915833733,0.9999708471980095,0.5526981058247884,0.02150878229386503,0.23315066101308868,0.5960899169047761,0.9999999995146902,2.61390230764664,0.001088037753350355,7.928206314268637e-05,0.00021426300889271674,0.999999572646296,0.0010381743247273034,0.022714532361070974,0.03210608015669856,0.08627853814477394,0.999967091366881,0.3780064706719486,0.010816689488562025,0.07812065166139268,0.202319701804195,0.9999843776814692,6.5125999972224236,3.701171875,0.00021373073183902222,2.4580493818578184e-05,2.065876755964999e-06,0.0002403771024135654,Кубический сплайн,1000,interpolation
21,3980,0.0,0.02721875000000152,0.1421975678998104,0.9999632769942175,0.9629449374999979,0.012414913220330757,0.7049950019151263,1.116447421582287,0.9999999982975591,4.526219138289889,0.00285468807891897,4.9776421584850735e-05,0.00017138308718830185,0.999999726580807,0.0009605929443172179,0.014257633436075258,0.018544038763447,0.09683772825100449,0.9999585434198637,0.6557651266252265,0.006247126174237798,0.18770189177503993,0.33891352520507256,0.9999803863231118,6.865200004540384,3.70703125,0.0007693855402472424,9.800185072221981e-05,6.47814603510888e-07,0.000868035205572973,PCHIP,1000,interpolation
21,3980,0.0,0.5522800695796132,1.2412245756941014,0.9972019555087667,5.793857717526691,0.22944499759973824,2.8456872488881895,5.330267061395792,0.9999999611944889,28.13535108763608,0.01760495287145554,0.0009218154581162079,0.0020866417965777644,0.9999594688544841,0.010601002716317323,0.48576170553352604,0.3758087961568034,0.8444073412964155,0.9968478397456481,3.9562363859913035,0.12056927463852819,0.9436744825206805,1.8544964050457216,0.9985023063258469,42.62859997106716,0.75390625,0.0023352848505458616,0.0018408718788238416,0.00015926980097463194,0.004335426530344335,Полином 15-й степени,1000,interpolation
21,3980,0.0,8.008695262024405,9.273629189364682,0.8438099596722572,16.700357142857087,3.457490817503194,7109.735167515266,8146.898116201245,0.909347446839375,19882.17206380982,39.43108390891118,0.0646819642491823,0.07375378659043082,0.9493637286766381,0.17199120463908635,23.812509806569498,5.026500294285808,5.839284881064599,0.8492616992463276,10.806810356627977,1.6470725473971957,1780.7087612589562,2040.5211960145662,0.8879457086086495,57.123799982946366,0.8740234375,0.5576853212056008,0.05089181696475618,0.002014260631238006,0.610591398801595,Линейная регрессия,1000,interpolation
21,3980,0.0,3.416666025418567,4.129595206963968,0.9690280285361637,12.889648123033396,1.4161938042145619,5624.880617779242,6891.981265200191,0.9351240625582702,22621.181946862605,23.564749316621587,0.057096498464336606,0.07004011420168409,0.9543346527255484,0.22744849583217097,15.402359013858542,2.0386303613665886,2.453533712369609,0.9733873362143111,7.612280322563436,0.654411578481505,1407.598252666123,1724.6586085584318,0.9579685200085732,105.31439998885617,1.1240234375,0.7391545688636071,0.028318082914281527,0.001202414279616312,0.7686750660575049,Полиномиальная регрессия (5),1000,interpolation
21,3980,2.1796541000076104,1.5619785050908834,2.091918844128506,0.9920522618834728,6.1957243469213665,0.6819147851593224,6254.5344911049215,7825.043134718949,0.9163686802259282,23060.18589243137,21.219810147101008,0.09062319777142477,0.11538384853115037,0.8760680981459967,0.21763797528885342,20.31613028079385,1.8656954480007317,2.5722395468707293,0.9707499165217506,7.0002547696061015,0.6142957232582718,1564.5131970639463,1957.45566923962,0.9388097391942871,176.6104000271298,380.8759765625,0.5872482806648047,0.1458263151021634,0.007014749288964995,0.740089345055933,"MLP (50,25)",1000,interpolation
21,3980,0.28283769998233765,0.8982412122998474,1.3950937543557926,0.9964652339666832,3.2500000009810606,0.3582787451758761,1204.79142050314,1671.1119127015586,0.9961857729639415,5864.162040160969,3.668272721487542,0.014289940639643334,0.01852602819267804,0.9968050967224344,0.0577310939202782,3.3096683216078686,0.5681346216820242,0.8831232632704199,0.9965521613154653,2.1887188417040306,0.17913800724193688,301.56802156944036,418.3521639368443,0.9965020662421311,198.27900000382215,1546.31640625,1.983656203975578,1.59864065169072e-08,9.832054844343759e-12,1.9836562199718166,Градиентный бустинг,1000,interpolation
21,3980,0.4525961000181269,0.6379635678392386,1.0443194298718619,0.9980192913386209,4.58249999999947,0.2518607890820806,830.3992090342803,1345.3468614911062,0.9975279115258033,7609.375846609735,2.4780064770731647,0.009706914369319931,0.014459009280806758,0.998053877621676,0.07634429149226363,2.2444585040520053,0.40255632776560396,0.6526014119924086,0.9981172168362935,2.7413606537942314,0.1262630211477084,207.86235896106362,336.7645603355628,0.9979295743305984,28036.74360003788,682.8662109375,1.6562105069516198,0.001118386509339807,4.547568511987059e-05,1.6573743691460794,Случайный лес,1000,interpolation
21,3980,0.003728599986061454,0.35003378019670806,0.5407277649215881,0.9994689795771649,2.451288374382557,0.15407291273750942,21429.09207566503,27977.23978072431,-0.06906767943771941,74263.16203574497,91.42469901098565,0.006998184493773255,0.0076457400909151945,0.999455833083384,0.011154116991339169,2.426235998267457,0.22794063521448857,0.35108026028217637,0.9994550996194729,1.6243431509253128,0.07551213489901044,5357.419262066233,6994.534808622401,0.7323280582105756,127.47439998202024,3.755859375,0.9882554878699062,0.8094215289010086,0.0001947622376844026,1.7978717790085992,SVR (RBF),1000,interpolation
21,3980,0.23157019997597672,0.11599766871455987,0.21362153238381262,0.9999171211080059,1.1682590563658835,0.05166273247721469,6.71437586247556,10.63508494910061,0.9999998455181732,37.85068037062592,0.02040962492892855,0.00027112265434734486,0.0004645984786936286,0.999997990682159,0.0023544507696565686,0.07882826815357952,0.07837293848471277,0.1448697247716317,0.999907218891286,0.7935820956412272,0.0260851596054257,1.7272543980822952,2.748510201183687,0.9999555440499059,87.18380000209436,38.9521484375,0.0017907308132752557,0.0002652800238096197,1.165288277683733e-05,0.0020676637198617127,Гауссовский процесс,1000,interpolation
21,3980,30.7999170999974,70.98098955777421,74.75905209125611,-9.150360253691362,122.7861401367187,29.38835492902371,35110.022678477726,44326.86789102268,-1.683672776905984,101063.31211280728,98.86948669778533,0.0012423137967103798,0.0016739424597033365,0.9999739160040274,0.005157069905666167,0.49350579172398534,132.78882336908427,133.63784692188736,-77.95201669993453,165.26240748526288,43.00968088293787,8828.448433429594,11133.816615994572,-21.946518953631962,113.09020000044256,147.1806640625,1.0,114.03442860850349,1.1692384542502563,116.20366706275375,PINN,1000,interpolation
1501,1000,0.0,0.0,0.0,1.0,0.0,0.0,1041.3510903184645,1368.457768803894,0.4735521656037017,2934.25521698617,15.687713322156682,0.01674466227615508,0.02200445497281282,0.4735521656037791,0.04718208210206511,15.687713322155409,0.0,0.0,0.0,0.0,0.0,260.34195874518514,342.1199433147167,0.4867760828018702,33.03560003405437,141.736328125,0.6539959230298032,1.2312571403203638e-14,1.671365129367959e-16,0.6539959230298158,Линейная интерполяция,10,extrapolation
1501,1000,0.0,0.0,0.0,1.0,0.0,0.0,34.79954027015565,57.347614049283145,0.9990754652228291,168.96982282231238,0.5594480158445967,0.0005595677162384847,0.0009221349954041497,0.999075465505338,0.002716991660910953,0.5594479240196834,0.0,0.0,0.0,0.0,0.0,8.700024959467973,14.337134046069638,0.7495377326820418,7.032599998638034,234.98828125,0.030083855847316286,7.040068775761963e-10,1.671365129367959e-16,0.03008385655132333,Кубический сплайн,10,extrapolation
1501,1000,0.0,0.0,0.0,1.0,0.0,0.0,585.4168339571622,879.9156055339676,0.7823420247688553,2303.9821671903046,9.194768338112565,0.00941335469516606,0.01414882049208034,0.7823420247699765,0.03704745079585585,9.194768338089801,0.0,0.0,0.0,0.0,0.0,146.35656182796436,219.9824385886149,0.641171012384708,7.03759997850284,234.994140625,0.3939482837254356,1.6082605040451452e-13,1.671365129367959e-16,0.3939482837255966,PCHIP,10,extrapolation
1501,1000,0.0,163542.8033771385,335267.53930478054,-3.4787452980221827e+37,1313592.2364705673,75487.10056641516,246219.59107263127,540810.1666675606,-82219.90244351469,2253157.0343481265,4170.991002135565,267.79172904592815,547.483202349506,-325893507.06666815,2139.0728446472767,278833.51365901297,111378.60747329814,228351.9261606364,0.0,894782.3888850578,37746.559608138,130352.19841302845,276244.2788338318,-8.696863245055457e+36,42.80019999714568,0.75390625,0.8279692684450092,207116.59035917892,0.998739510205138,207118.41706795758,Полином 15-й степени,10,extrapolation
1501,1000,0.0,27.377051923440284,28.448664048391265,-2.5047441551116468e+29,40.760323565913865,12.63653446731608,21598.258580705336,22536.68548813901,-141.78172760813837,33121.54328802045,291.3959999900459,0.20039312101523363,0.2113224613559462,-47.55404677460919,0.32265312908308935,169.4594391410346,17.32563176130777,18.018956552890458,0.0,25.89119964606499,5.87171097630789,5410.790414377775,5645.841107800412,-6.261860387779117e+28,58.145000017248094,0.8740234375,6.71740294577829,-0.7441273140824026,0.014284500371512967,5.987560132067401,Линейная регрессия,10,extrapolation
1501,1000,0.0,66.34936226893981,89.02678587514659,-2.452906574021382e+30,212.26335678960024,30.625138365538806,155923.68398987246,202831.41126847838,-11564.46155945399,464566.7141836348,2336.247996868535,1.6195714857178716,2.102676409209537,-4806.053945553397,4.804219503743632,1508.0877168840386,36.51261475305924,49.31852260966071,0.0,118.53246909884001,12.37423972602409,39007.041384595046,50742.9648133431,-6.132266435053455e+29,106.44540004432201,1.1240234375,7.311521231941845,-0.723641438272857,0.11109342019512086,6.698973213864109,Полиномиальная регрессия (5),10,extrapolation
1501,1000,16.36274520002189,67.26898690584107,79.5906204979394,-1.96048443886283e+30,143.86349631514972,31.049613157554155,3043.503449254191,3244.261708687491,-1.958859245439632,4073.5742284160438,41.18822651243721,0.1251317149748558,0.1504704121338148,-23.61706840525931,0.2922100229884735,113.23970382384407,87.66468681991707,105.69097001455647,0.0,195.12041112919286,29.709837478171536,799.6405636737311,857.4234424030302,-4.901211097157075e+29,177.8809999814257,316.78515625,1.98862842917086,1.1502066657435164,0.23949713967416464,3.378332234588541,"MLP (50,25)",10,extrapolation
1501,1000,1.0107298999791965,0.0005819421652120127,0.0005819421652120128,-1.0480916706599369e+20,0.0005819421652120127,0.00026860935389430536,3728.8750559754435,4178.720186719833,-3.9088428261986072,6583.186452531856,52.4253737305856,0.059947265443524925,0.0671819645281799,-3.907264987026659,0.10584387112308045,52.41585923819817,0.0003780336821819219,0.0003780336821819219,0.0,0.0003780336821819219,0.0001281168012608235,932.2339908041836,1044.697082165052,-2.6202291766498423e+19,201.0794000234455,1843.3603515625,1.0,5.9734733855957015e-05,1.2375555539270926e-07,1.0000598584894114,Градиентный бустинг,10,extrapolation
1501,1000,0.5568534999911208,1.9895196601282805e-13,1.9895196601282805e-13,-11.25,1.9895196601282805e-13,9.183104824040066e-14,3736.5172646073324,4185.5411220692395,-3.924881338073364,6590.828661163745,52.521978444224914,0.06002340482545489,0.06724991338693029,-3.91719657156668,0.10592001050501042,52.47571549556829,5.115907697472721e-13,5.115907697472721e-13,0.0,5.115907697472721e-13,1.7337971737407623e-13,934.1443220030396,1046.4020929956569,-4.773019477410011,28846.74340003403,40970.5244140625,1.0,0.0003033198829990983,4.512685849293504e-15,1.0003033198830036,Случайный лес,10,extrapolation
1501,1000,2.7448648999852594,16.48634651578738,20.82558320982579,-1.3422517019691764e+29,38.12595529972651,7.609668366391589,21884.028660858952,23264.618831591783,-151.15436906029427,33822.015100533186,298.8993880352436,0.21291930639558052,0.25411523790532287,-69.20944301108702,0.45544350655609084,192.02443243265444,11.853228097022502,14.844074303760173,0.0,26.55840629969026,4.017096200636015,5478.145288694539,5825.135651085819,-3.355629254922941e+28,205.33179998164997,71.451171875,2.144427919826213,0.21894389737202888,0.0062574648425174914,2.3696292820407594,SVR (RBF),10,extrapolation
1501,1000,47.20754340002895,50.61382640075682,50.61382640075831,-7.92826140164207e+29,50.61383666992188,23.362024648399178,8127.961360852753,8343.916891924277,-18.571877285055688,11833.837027808137,97.45620395056545,0.039169686400048385,0.044538052662147484,-1.1567338784376346,0.07949238003689911,34.565795990839604,119.4289200655521,119.42892006555205,0.0,119.42892006555206,40.47483580965637,2074.5108192513653,2128.501044110812,-1.9820653504105175e+29,114.08319999463856,147.1806640625,1.0,21.443713451357166,1.1629317654803544,23.60664521683752,PINN,10,extrapolation
601,1000,0.0,0.0,0.0,1.0,0.0,0.0,1046.9826066288088,1374.80212589564,0.46865948215597153,2945.506997826018,15.768150786338206,0.016835215634764044,0.022106470630978807,0.4686594821560458,0.04736300789349161,15.768150786336982,0.0,0.0,0.0,0.0,0.0,261.74986046111087,343.70605809156774,0.4843297410780043,33.335399988573045,57.34375,0.6572346917567227,1.1788739095401571e-14,1.671365129367959e-16,0.6572346917567347,Линейная интерполяция,25,extrapolation
601,1000,0.0,0.0,0.0,1.0,0.0,0.0,35.56525374797988,58.49553685481537,0.9990380820989111,172.0149497304792,0.5714860008392689,0.0005718802754459618,0.0009405934241109009,0.999038082141242,0.0027659568510614158,0.5714859873195344,0.0,0.0,0.0,0.0,0.0,8.891456407063831,14.62411936205987,0.7495190410600383,7.028200023341924,94.3544921875,0.030645338003290966,1.0375201256572617e-10,1.671365129367959e-16,0.030645338107043146,Кубический сплайн,25,extrapolation
601,1000,0.0,0.0,0.0,1.0,0.0,0.0,590.7663509745242,887.158788447829,0.7787438949284311,2320.8597882005324,9.276394608944146,0.009499373576157957,0.014265289041794563,0.7787438949433928,0.0373188386737409,9.276394608646049,0.0,0.0,0.0,0.0,0.0,147.6939625870251,221.7932634342177,0.639371947467956,6.988400011323392,94.3603515625,0.3967142076485908,2.0957201557346194e-12,1.671365129367959e-16,0.39671420765068666,PCHIP,25,extrapolation
601,1000,0.0,160971.99864292087,330062.90790485387,-3.371576836964587e+37,1293420.9199997513,74300.4840262732,250265.71338845268,548683.3163588215,-84631.28264107107,2282674.806976773,4238.295507993302,263.2482008720797,538.2974851404416,-315049512.400292,2103.524141691932,274111.9915564841,109632.65678887766,224817.03041873267,0.0,881081.5938952676,37154.851441934305,130283.40425528082,276025.3880418871,-8.428942092411467e+36,44.65519997756928,0.75390625,0.8227024987600084,197331.3673153103,0.9987200003712946,197333.18873780943,Полином 15-й степени,25,extrapolation
601,1000,0.0,27.349837315714034,28.421780447827146,-2.5000124935328113e+29,40.7286886197422,12.623972912861314,21591.739902812864,22530.679843449227,-141.70563992696262,33116.48820062829,291.3160065307169,0.2003333565506947,0.2112677422787427,-47.528905209991606,0.3226040214728498,169.41354662045333,17.30760755198267,18.00113448117193,0.0,25.870078673414582,5.865602515202894,5409.149420259278,5644.328506530126,-6.250031233832028e+28,56.880799995269626,0.8740234375,6.718717941209141,-0.7442029257482837,0.014270444461449285,5.9887854599223065,Линейная регрессия,25,extrapolation
601,1000,0.0,66.27804546988209,88.95617191957606,-2.4490169414505454e+30,212.14458799080697,30.5922203876677,155450.1341436298,202286.69917031133,-11502.425925583746,463476.161450334,2329.453612658261,1.6143645152766457,2.0966601824218314,-4778.585189225503,4.792120890161188,1503.4351921308983,36.48984859168692,49.30013309724722,0.0,118.51154320648041,12.366524202488797,38888.62910055166,50606.76303387764,-6.1225423536263634e+29,107.36819996964186,1.1240234375,7.3189651607665756,-0.7236392378128851,0.11082371517026049,6.706149638123951,Полиномиальная регрессия (5),25,extrapolation
601,1000,5.003972900012741,73.90037738965684,86.5520637891894,-2.3184325961170234e+30,156.49346300531275,34.110490371408645,22652.051443737626,23542.133712647006,-154.8060038118485,33628.289791224415,304.5831255149006,0.08196777753317974,0.0966411283302736,-9.154489509602268,0.1995059794895429,73.44264598815553,74.35657686260419,89.75743796853276,0.0,170.64193627824403,25.19967724928022,5700.097591441855,5929.634963883264,-5.7960814902925584e+29,176.36460001813248,279.2119140625,4.561140777541151,0.8936072885085806,0.15998532863711984,5.614733394686852,"MLP (50,25)",25,extrapolation
601,1000,0.5968889000068884,0.0006423850328189928,0.0006423850328189928,-1.2771162933056717e+20,0.0006423850328189928,0.00029650820808631105,3724.7957707189353,4175.080448253618,-3.9002951742535448,6579.107167275348,52.37380772355279,0.0598966845227766,0.06713683445419667,-3.900674204876463,0.10579329020233212,52.376095524157066,0.0003702866243884273,0.0003702866243884273,0.0,0.0003702866243884273,0.00012549129906229818,931.2141700187788,1043.7871494399321,-3.192790733264179e+19,191.87600002624094,1581.6220703125,1.0,1.7979522042563033e-05,4.552533824083518e-07,1.0000184347754248,Градиентный бустинг,25,extrapolation
601,1000,0.5800928000244312,3.126388037344441e-13,3.126388037344441e-13,-29.25,3.126388037344441e-13,1.4430593294920103e-13,3741.3367828376936,4189.844166366843,-3.9350128242533433,6595.648179394106,52.58290169311146,0.06015592460377703,0.06736821942610988,-3.9345124524105284,0.10605253028333254,52.579894670087654,5.115907697472721e-13,5.115907697472721e-13,0.0,5.115907697472721e-13,1.7337971737407623e-13,935.3492346905746,1047.4778836465675,-9.279881319165968,36431.34660000214,18562.5634765625,1.0,1.9707470432219332e-05,5.18123190104069e-15,1.0000197074704373,Случайный лес,25,extrapolation
601,1000,0.4934388999827206,13.112804707088006,16.895314473017393,-8.834300705724778e+28,32.33079467809546,6.05252929013986,24542.460776605018,25161.505302194844,-176.9777792940976,32515.327958036112,325.739664159432,0.21301680982110063,0.2541138295234968,-69.2086647702357,0.4553884685896506,192.0744047215115,9.539643579837167,12.17632297597033,0.0,22.78158675640185,3.2330151471236706,6141.331560425441,6297.707763368339,-2.2085751764311945e+28,204.5397999463603,31.7490234375,1.7127632556168113,0.2947146760765242,0.00547457752410634,2.012952509217442,SVR (RBF),25,extrapolation
601,1000,38.883147899992764,50.90349205017088,50.903492050171195,-8.019268811143071e+29,50.90349426269532,23.49572677136899,8127.447780530488,8343.416604789307,-18.569530362142352,11833.323447485871,97.44971181166252,0.031704467788986807,0.03620738687441167,-0.4253728307402964,0.06472355605561401,28.036242398566948,119.81618085351597,119.81618085351617,0.0,119.81618813195831,40.6060797060238,2074.549789475491,2128.5431212699673,-2.0048172027857678e+29,116.05939996661618,147.1806640625,1.0,23.108036326981477,1.1687111393654073,25.276747466346883,PINN,25,extrapolation
301,1000,0.0,0.0,0.0,1.0,0.0,0.0,1056.3882308910995,1385.4015603060395,0.460434852186171,2964.2994538945313,15.902495521043699,0.016986455695137535,0.022276906856735848,0.4604348521861783,0.04766518583629577,15.902495521043578,0.0,0.0,0.0,0.0,0.0,264.10130433669866,346.35595930322404,0.4802174260930873,28.799799969419837,29.21875,0.6626551902697616,1.2418501014721934e-15,1.671365129367959e-16,0.662655190269763,Линейная интерполяция,50,extrapolation
301,1000,0.0,0.0,0.0,1.0,0.0,0.0,36.86922693832379,60.44630727489986,0.9989728542023194,177.17840137047006,0.5919735237875492,0.0005928478487568211,0.0009719613403361544,0.9989728542016142,0.0028489839037810077,0.5919735240043567,0.0,0.0,0.0,0.0,0.0,9.217454946543137,15.111819809060048,0.7494864271009833,4.666400025598705,47.470703125,0.03159833874540858,1.6612262977248772e-12,1.671365129367959e-16,0.03159833874706997,Кубический сплайн,50,extrapolation
301,1000,0.0,0.0,0.0,1.0,0.0,0.0,599.7604982571877,899.3271038975196,0.7726327498301616,2349.188568815385,9.413593304396146,0.009643997191216686,0.014460952478823523,0.7726327498208461,0.03777435830657229,9.413593304588971,0.0,0.0,0.0,0.0,0.0,149.94253556359473,224.8353912124996,0.636316374912752,7.031200046185404,47.4765625,0.40135030891025547,1.3761006998019494e-12,1.671365129367959e-16,0.40135030891163176,PCHIP,50,extrapolation
301,1000,0.0,157356.492493623,322745.00183443254,-3.2237300614709637e+37,1265065.4832137905,72631.66050940362,256087.0021982276,560003.2143736053,-88159.40655697948,2325089.7661965257,4335.1045528974655,256.85117454827594,525.3679626866092,-300096742.57749534,2053.49955132679,267464.65608232375,107177.35212876921,219847.13441498196,0.0,861823.1035933978,36322.74098723014,130219.42449879202,275780.17964642664,-8.059325153677409e+36,44.18440000154078,0.75390625,0.8149029931798711,184162.4315580702,0.9986915354410976,184164.24515259883,Полином 15-й степени,50,extrapolation
301,1000,0.0,27.304704137422704,28.377199543163485,-2.492175869129055e+29,40.676233746232185,12.603140612703761,21580.85802503109,22520.653782136043,-141.57866132170682,33108.04158184723,291.1824572817567,0.20023334238631071,0.21117615008222262,-47.48683626497104,0.3225216893343387,169.33673121778074,17.27772035350958,17.971584521114476,0.0,25.835061411438062,5.855473649846454,5406.410170716103,5641.803435587601,-6.230439672822638e+28,47.53539996454492,0.8740234375,6.7209182547385495,-0.744330967932959,0.014247129136471562,5.990834415942062,Линейная регрессия,50,extrapolation
301,1000,0.0,66.15974638922428,88.83902877448757,-2.4425711458156298e+30,211.94751874009367,30.53761661168902,154674.46002613934,201394.96339457855,-11401.228897849895,461691.7663386189,2318.3261601898803,1.605837951280321,2.086813485008628,-4733.797181595313,4.77232828550514,1495.8176293727745,36.451574934556795,49.26901373797675,0.0,118.4755218425185,12.353553139974569,38694.6692963536,50383.78956264401,-6.1064278645390746e+29,108.5869999951683,1.1240234375,7.331252733614188,-0.7236338028326301,0.1103796977424344,6.7179986285239925,Полиномиальная регрессия (5),50,extrapolation
301,1000,6.21115680001094,68.17724390889087,80.28095872796834,-1.994640895274076e+30,144.31166227422088,31.468840945714692,12820.710652176014,12939.674442212425,-46.069463060263296,14589.341732345943,166.6643978677094,0.10204702735848663,0.12162962149990647,-15.084694697278088,0.2395152574996941,91.9756440168786,96.62887480831715,114.6061846394684,0.0,208.15823444532305,32.74782891942581,3246.404704480145,3283.6708038003403,-4.98660223818519e+29,204.2964000138454,380.9638671875,1.495355926892423,0.9318288538325827,0.27197180443418123,2.699156585159187,"MLP (50,25)",50,extrapolation
301,1000,0.49512619999586605,0.00043374256139827594,0.0004337425613982759,-5.822422251997209e+19,0.00043374256139827594,0.00020020427482034435,3722.349301127085,4172.89797807534,-3.8951733793835546,6576.660697683497,52.342882044114816,0.05982053567025512,0.06706890644393608,-3.8907623690754356,0.10571714134981065,52.316231821570724,0.0003235190529835563,0.0003235190529835564,0.0,0.0003235190529835563,0.0001096416223442172,930.6024697310922,1043.2414510608496,-1.4556055629993023e+19,255.0971999880858,1544.20703125,1.0,0.00017293409828681092,1.9079048232919182e-07,1.000173124888769,Градиентный бустинг,50,extrapolation
301,1000,0.46409820002736524,1.4210854715202004e-13,1.4210854715202004e-13,-5.25,1.4210854715202004e-13,6.559360588600048e-14,3770.900053218425,4216.263799525201,-3.997445836820802,6625.211449774837,52.95660926993101,0.0606351195627725,0.06779645601431464,-3.9974458368208596,0.10653172524232803,52.95660926993134,6.252776074688882e-13,6.252776074688882e-13,0.0,6.252776074688882e-13,2.1190854345720434e-13,942.7401720844971,1054.082898995304,-3.311222918410415,30328.647399961483,9375.9453125,1.0,2.8562416657352473e-15,5.014095388103898e-15,1.000000000000008,Случайный лес,50,extrapolation
301,1000,0.1241549999685958,10.434513860839695,13.695518653447577,-5.804924638604969e+28,27.20762674534933,4.816299958845925,26367.34858714741,26653.12056209269,-198.70487758081978,31966.018797337005,344.16956829387766,0.21108741516632648,0.2522669224074932,-68.19181602885541,0.4530970020026405,190.48375282605852,7.763666374857222,10.089127357478617,0.0,19.59498299853675,2.63113089887123,6596.4394636995685,6669.289368756506,-1.4512311596512423e+28,141.24660001834854,18.6943359375,1.3967198078846155,0.3440958833593166,0.005341417109105764,1.7461571083530378,SVR (RBF),50,extrapolation
301,1000,2.8720866999938153,3.4325065698098234,4.530615670116289,-6.352637353841234e+27,9.485498002097444,1.584355674964146,293.7432516695074,396.10554899824416,0.9558923014782437,917.4512129438353,4.460256312131428,0.0017269390570698916,0.002467059233447195,0.9933825104326119,0.006028008049170766,1.662322036079645,2.4540444032649775,3.224222227105091,0.0,6.678176863451199,0.8316833497048922,74.90788239540981,100.96571348867474,-1.5881593384603085e+27,117.24520003190264,2882.7919921875,0.15005818448763514,0.008779162359596745,0.000894523352871524,0.1597318702001034,Гауссовский процесс,50,extrapolation
301,1000,35.43831450003199,51.01011750793455,51.010117507935085,-8.052899263637829e+29,51.01012268066407,23.544942306916493,8128.294071820771,8344.240990587483,-18.57339775620609,11834.169730444855,97.460409748896,0.029841025520764237,0.03414123701575043,-0.2673384656997577,0.06139773422379162,26.41146364739641,119.54925087609898,119.54925087609894,0.0,119.54925087609894,40.51561629898054,2074.720820307581,2128.708625052133,-2.013224815909457e+29,114.50139997759834,147.1806640625,0.9999999970103597,23.635036907716678,1.1607289345305665,25.795765839257605,PINN,50,extrapolation
151,1000,0.0,0.0,0.0,1.0,0.0,0.0,1075.273857072939,1406.6961560763095,0.44372038417330983,3002.0329727393655,16.172247359772634,0.017290131789808025,0.022619318573394765,0.44372038417331083,0.04827193128019287,16.172247359772616,0.0,0.0,0.0,0.0,0.0,268.82278680118225,351.6796938487207,0.4718601920866552,33.27100002206862,15.14453125,0.673581499923989,2.495683237511258e-16,1.671365129367959e-16,0.6735814999239894,Линейная интерполяция,100,extrapolation
151,1000,0.0,0.0,0.0,1.0,0.0,0.0,39.58391673430526,64.4919249720296,0.9988307611832565,187.84303868746247,0.6345772702695455,0.0006364993744176534,0.001037013850190255,0.9988307611824443,0.003020468575847479,0.6345772705066147,0.0,0.0,0.0,0.0,0.0,9.89613830841992,16.123240496469947,0.7494153805914252,6.861799978651106,24.025390625,0.03357027706606169,1.825538699455991e-12,1.671365129367959e-16,0.0335702770678874,Кубический сплайн,100,extrapolation
151,1000,0.0,0.0,0.0,1.0,0.0,0.0,618.0448734224514,924.028121877373,0.759971438655055,2406.599934879635,9.692358314662007,0.009938005321315687,0.01485813860312791,0.7599714386562242,0.03869751855828081,9.692358314637836,0.0,0.0,0.0,0.0,0.0,154.51370285694315,231.01074500399403,0.6299857193278198,6.8085999810136855,24.03125,0.4107209778603018,1.738857844535398e-13,1.671365129367959e-16,0.41072097786047584,PCHIP,100,extrapolation
151,1000,0.0,152475.89955660922,312878.1748035339,-3.02963393972214e+37,1226874.2369804399,70378.90586504003,264993.57261586597,577333.2265755888,-93700.3072625501,2390062.9698976497,4483.205279804247,248.16453495324004,507.83278813912824,-280398434.84469724,1985.7344337040122,258440.0603942028,103863.86140702447,213148.0408320943,0.0,835891.5044464202,35199.7885830233,130395.37452861323,275966.81874983903,-7.57408484930535e+36,43.37379999924451,0.75390625,0.8030591971655906,166936.81574835992,0.9986511647026173,166938.6174587218,Полином 15-й степени,100,extrapolation
151,1000,0.0,27.215270041826347,28.288872149971873,-2.4766856294197175e+29,40.57232485186469,12.561860162393884,21559.02891325729,22500.539168026517,-141.32408310005874,33091.06774928491,290.91450753989244,0.20003180355526168,0.21099150398045466,-47.40208245897774,0.32235521998943767,169.1818827959422,17.21851374667644,17.91305362199831,0.0,25.765710238460997,5.835408344984757,5400.915682212338,5636.738021325617,-6.191714073549294e+28,57.50659998739138,0.8740234375,6.725340533672024,-0.7445945836773072,0.014200909318526333,5.9949468593132424,Линейная регрессия,100,extrapolation
151,1000,0.0,65.92567910119986,88.60732057131547,-2.429846429858249e+30,211.55783927662546,30.42957724495724,153173.31277542663,199671.1467225612,-11206.872166220706,458245.97896065086,2296.798240724632,1.5893448793449532,2.067786378099991,-4647.849122786824,4.734118061864864,1481.087090946665,36.37411069604416,49.20540693170211,0.0,118.40004498681844,12.32730026643943,38319.30047752581,49952.75680911058,-6.0746160746456224e+29,112.27620003046468,1.1240234375,7.355371001106675,-0.7236182768136258,0.10951277739701759,6.741265501690067,Полиномиальная регрессия (5),100,extrapolation
151,1000,3.2196196999866515,70.33709961937689,81.67585734243451,-2.0645576870089903e+30,144.77312592204882,32.465774114644304,22090.32566736692,22882.052925722284,-146.1914271528472,32231.10163309423,296.2052434961331,0.20447375974653698,0.22255317227353158,-52.851981716416375,0.39096480247033333,176.3353130694045,97.29387826223517,113.73034984728383,0.0,203.30536837695388,32.97320067691481,5564.54027975207,5769.420421521068,-5.161394217522476e+29,182.8150000073947,380.9248046875,1.9930353590580578,1.2369309543701044,0.2673493593197438,3.497315672747906,"MLP (50,25)",100,extrapolation
151,1000,0.3408202000136953,1.1158278510947639e-05,1.115827851094764e-05,-3.853310561711564e+16,1.1158278510947639e-05,5.150370879735812e-06,3716.236064916378,4167.4457052263,-3.882389752895726,6570.54746147279,52.26560498168541,0.05975075423696998,0.06700667396309094,-3.881690413574895,0.1056473599165255,52.261373805594005,2.2719060666531732e-05,2.2719060666531732e-05,0.0,2.2719060666531732e-05,7.699560958290271e-06,929.0739623869886,1041.8781864444004,-9633276404278910.0,210.1795999915339,1626.771484375,1.0,2.7736625526385044e-05,1.0248750044891004e-07,1.0000278391130268,Градиентный бустинг,100,extrapolation
151,1000,0.44350859997211955,1.4210854715202004e-13,1.4210854715202004e-13,-5.25,1.4210854715202004e-13,6.559360588600048e-14,3829.2655751171355,4268.5440211623845,-4.122147422172191,6683.5769716735485,53.694404428506935,0.06157362239995342,0.06863710876166937,-4.122147422172221,0.10747022807950894,53.69440442850711,6.252776074688882e-13,6.252776074688882e-13,0.0,6.252776074688882e-13,2.1190854345720434e-13,957.331787184884,1067.1531645677867,-3.373573711086103,27207.72720000241,4801.6318359375,1.0,1.795282454662718e-15,5.014095388103898e-15,1.0000000000000069,Случайный лес,100,extrapolation
151,1000,0.045418100024107844,8.202597074502123,11.010426402827864,-3.75187097708546e+28,22.803521177600743,3.786105273252767,28117.616317203076,28266.367153978124,-223.61178339406584,32358.71096517874,363.5293058337965,0.21057211993441158,0.2516583206770006,-67.85836396609234,0.45246909709008626,190.02249014253022,6.060088615566003,8.04732639684675,0.0,16.28820109068721,2.053783049971247,7033.022393753269,7071.419141274619,-9.37967744271365e+27,144.72839998779818,10.9306640625,1.1999718769830838,0.38369177049617154,0.00379961555262016,1.5874632630318755,SVR (RBF),100,extrapolation
151,1000,0.7090571000007913,3.0526501268523973,4.042983034448514,-5.058752782171143e+27,8.5516157858263,1.4090238296110766,328.1358611756386,437.436734853391,0.9462073366866938,1000.2374755305482,4.962890200502551,0.0014222509812817242,0.0020376601798932285,0.9954856250383228,0.005054632728865263,1.369216848814541,2.1937262520929606,2.892787775820169,0.0,6.056763786148622,0.7434607113256995,83.34591495139131,111.0936358309599,-1.2646881955427858e+27,103.51919999811798,749.9599609375,0.1603058972592172,0.01638911291232955,0.0008621865124361091,0.17755719668398287,Гауссовский процесс,100,extrapolation
151,1000,33.64937770002871,50.83258666992186,50.83258666992188,-7.996943691081792e+29,50.83258666992188,23.462998693709604,8128.23928516916,8344.187623055977,-18.573147384582803,11834.114951392121,97.45971717951576,0.0344986270635351,0.03923314785628192,-0.6735566638266126,0.06981391006607678,30.445837369270645,119.7709610811771,119.77096108117706,0.0,119.77096108117706,40.590754583266595,2074.7193328868307,2128.707600988733,-1.999235922770448e+29,117.16539994813502,147.1806640625,0.9999999968703195,22.551522560804234,1.168519691789207,24.72004224946376,PINN,100,extrapolation
76,1000,0.0,0.0,0.0,1.0,0.0,0.0,1113.3446827077582,1449.668968520322,0.409213953028417,3078.0985584233204,16.716029976141293,0.017902301041615623,0.02331031053385962,0.40921395302842967,0.04949504666841982,16.71602997614109,0.0,0.0,0.0,0.0,0.0,278.3406462522,362.423069707714,0.45460697651421167,33.25259999837726,8.11328125,0.6957812938640531,1.9789101556982626e-15,1.671365129367959e-16,0.6957812938640553,Линейная интерполяция,200,extrapolation
76,1000,0.0,8.0608995745024e-08,1.1958000941976774e-07,-4425443342809.763,3.098967908954364e-07,3.7207013960315714e-08,45.45884838434452,73.18236989541586,0.9984944142927955,210.57066305311582,0.7265737419771185,0.0007309666524960662,0.0011767538045214245,0.9984944148115069,0.0033859225008284616,0.7265736082776676,5.484574410274945e-08,8.136132346548135e-08,0.0,2.1085139678689302e-07,1.8587394796827868e-08,11.36489487161294,18.295886712540426,-1106360835701.9417,7.00199999846518,12.306640625,0.03778815700062663,7.442109699547788e-10,3.221377451985439e-13,0.03778815774515974,Кубический сплайн,200,extrapolation
76,1000,0.0,0.0,0.0,1.0,0.0,0.0,655.8177251081365,974.912101102152,0.7328079901177773,2524.4852351304853,10.267648076148125,0.010545383227368584,0.015676340125490865,0.7328079901181271,0.04059308438467797,10.267648076141745,0.0,0.0,0.0,0.0,0.0,163.95706762284098,243.73194436056937,0.6164039950589761,7.112600025720894,12.3125,0.4298569498701766,4.4712047356029414e-14,1.671365129367959e-16,0.42985694987022144,PCHIP,200,extrapolation
76,1000,0.0,151494.10330803302,310984.5671525448,-2.993072889050466e+37,1219861.2441401659,69925.7342755749,275337.28454493644,597688.6714317811,-100424.1740863451,2467226.7780675213,4655.453315951819,246.01473594757573,503.66166959323317,-275811208.688747,1970.209848162011,256221.6313106316,103204.28167122543,211876.38553016586,0.0,831183.5035324957,34976.254940625884,132570.42106503563,280263.3214460212,-7.482682222626165e+36,44.091999996453524,0.75390625,0.7949146283339932,158553.54714794713,0.9986437126050975,158555.34070628806,Полином 15-й степени,200,extrapolation
76,1000,0.0,27.039657894736703,28.1154814531935,-2.4464180258735612e+29,40.36842105263142,12.480802166968244,21515.10887021739,22460.059661438754,-140.81244857640928,33056.797159404065,290.3751978445832,0.19962279512491327,0.21061647685740256,-47.23017068849529,0.3220151962230981,168.86740538900526,17.102322175302557,17.798217988421555,0.0,25.62968062122178,5.796030656806363,5389.862618270638,5626.545994339306,-6.116045064683903e+28,57.291400036774576,0.8740234375,6.734248181382941,-0.7451515357632391,0.014110066683550904,6.003206712303252,Линейная регрессия,200,extrapolation
76,1000,0.0,65.47071183450302,88.15803226905219,-2.4052675620242164e+30,210.80476459967483,30.219576198708985,150366.5961817019,196456.33609174317,-10848.872258527856,451835.6108487263,2256.576772006197,1.5585334430776603,2.0323236810241143,-4489.760218851824,4.663057554950337,1453.5867042303341,36.217832676866756,49.075583902709205,0.0,118.24159966353389,12.274337155298577,37617.460814914084,49148.90050789899,-6.013168905060541e+29,109.42339996108785,1.1240234375,7.401798821504206,-0.723582827657747,0.10786704901272269,6.786083042859182,Полиномиальная регрессия (5),200,extrapolation
76,1000,2.6936609000258613,68.36160709986909,79.45867728785845,-1.9539897489539005e+30,140.8141559390705,31.553938195185356,21692.18596500116,22475.50338454719,-141.00753845522638,31676.05825017239,290.9285577140841,0.20473455286815642,0.22288375522204204,-53.01208519880823,0.39149028777934647,176.58247788157294,95.23932457566002,111.41056804810634,0.0,199.03143619573,32.27690598480329,5463.99790780739,5666.6488784095945,-4.884974372384751e+29,190.6833999673836,380.9248046875,1.9273827529902536,1.2384088733330754,0.26432802555745993,3.430119651880789,"MLP (50,25)",200,extrapolation
76,1000,0.3130191000236664,2.445705149511923e-08,2.445705149511923e-08,-185117644008.0,2.445705149511923e-08,1.1288738285307744e-08,3715.373696594051,4166.676723861225,-3.8805881119801544,6569.685093150463,52.25470383401425,0.05974225524160736,0.06699909540480786,-3.8805862225751344,0.10563886092116288,52.254692400506165,1.914696667881799e-08,1.914696667881799e-08,0.0,1.914696667881799e-08,6.488967095681301e-09,928.8583597232242,1041.6859307500583,-46279411003.94029,202.90540001587942,1770.630859375,1.0,7.498172570615636e-08,1.689181881427801e-11,1.0000000749986175,Градиентный бустинг,200,extrapolation
76,1000,0.445897600002354,1.7053025658242404e-13,1.7053025658242404e-13,-8.0,1.7053025658242404e-13,7.87123270632006e-14,3967.888060030721,4393.327767508171,-4.4259995737362505,6822.199456587134,55.446723176148694,0.06380263691325248,0.070643599857266,-4.425999573736294,0.10969924259280801,55.446723176148936,6.252776074688882e-13,6.252776074688882e-13,0.0,6.252776074688882e-13,2.1190854345720434e-13,991.9879656669087,1098.3496027770072,-4.212999786868136,27810.01680000918,2434.3330078125,1.0,2.3667261426725842e-15,5.181231901040695e-15,1.0000000000000075,Случайный лес,200,extrapolation
76,1000,0.01744910006527789,6.592534255858278,9.091612580495692,-2.558123222814695e+28,19.655199601737053,3.042942190564633,28995.721113436175,29094.7010457286,-236.96897654440238,32557.920245076966,373.24645318992174,0.21025179296585828,0.25109783554238374,-67.5519873555351,0.45137747740311257,189.676472140509,4.5874337969767085,6.295590113494405,0.0,13.443966167753388,1.5546957103722228,7251.777833320494,7277.584836564533,-6.395308057036738e+27,137.6689999597147,6.9462890625,1.1013802099939096,0.40396276132867154,0.001088867725324789,1.506431839047906,SVR (RBF),200,extrapolation
76,1000,0.30516909997095354,2.821762282842849,3.744269914279719,-4.338842794941433e+27,7.96837337283128,1.3024520114668123,368.8670876632984,486.75176873160547,0.9333948790553774,1099.191139837958,5.559301984738798,0.003192019866673743,0.004143172051288504,0.9813362010180959,0.009190453054714401,2.974090836367922,2.0431009038396644,2.699224008763063,0.0,5.685927699390334,0.6924133081005993,93.43378571746189,123.29985145667487,-1.0847106987353582e+27,97.67799999099225,210.8798828125,0.18555764420927182,0.00893607069604173,0.0008949589909914439,0.19538867389630502,Гауссовский процесс,200,extrapolation
76,1000,32.818727599980775,50.67818383789061,50.67818383789075,-7.948436401938232e+29,50.678198242187506,23.39173036597768,8127.826091687714,8343.785123823813,-18.571259127237898,11833.701758643097,97.45449402093878,0.030824406110398418,0.03506182543059674,-0.3366052347477788,0.062219661786147615,27.205618647776763,119.33032813134801,119.33032813134815,0.0,119.33033302941925,40.44142269374713,2074.466357015766,2128.45717440462,-1.987109100484558e+29,114.49160001939163,147.1806640625,1.0,23.394376932999464,1.1596681464256628,25.554045079425126,PINN,200,extrapolation
31,1000,0.0,0.0,0.0,1.0,0.0,0.0,1229.9968200509156,1581.6754015282554,0.29672162179132866,3311.1697619061524,18.38222458557583,0.01977803792014118,0.02543294060507038,0.29672162179133377,0.05324277269943993,18.382224585575756,0.0,0.0,0.0,0.0,0.0,307.50414952220893,395.4252086172151,0.3983608108956656,25.48360003856942,3.859375,0.7652857864451457,7.686737657373516e-16,1.671365129367959e-16,0.7652857864451467,Линейная интерполяция,500,extrapolation
31,1000,0.0,0.11623819779125737,0.16835360999435947,-8.771714444717932e+24,0.4254264222717552,0.05365252609797246,66.77503098280755,104.1459687842545,0.9969508592432479,289.95401691552706,1.0585307103612491,0.000871279637618602,0.0013830986141821992,0.9979201098229642,0.00392144437816376,0.8629518625915973,0.07898475708894671,0.11439758395369584,0.0,0.28908055407657685,0.026768182052437563,16.742781304331345,26.107525769204184,-2.192928611179483e+24,5.087800032924861,5.263671875,0.05106637397604096,0.0011055565832340773,1.312631434152299e-06,0.05217324319070919,Кубический сплайн,500,extrapolation
31,1000,0.0,0.0,0.0,1.0,0.0,0.0,779.1889951014667,1139.9365863996002,0.6346964187292887,2903.6457894351497,12.141735375390349,0.012529162060303104,0.018329892130482844,0.634696418729207,0.04668989024519245,12.141735375391761,0.0,0.0,0.0,0.0,0.0,194.80038106588177,284.98872907293264,0.5673482093646239,6.64199999300763,5.26953125,0.49043220347070804,1.0160887010765983e-14,1.671365129367959e-16,0.49043220347071836,PCHIP,500,extrapolation
31,1000,0.0,240285.96052930973,491869.8735819483,-7.487555683691159e+37,1924756.1488439783,110909.74407076376,216151.1405774631,482130.87498641876,-65345.51521911395,2033282.5405671285,3670.2597873885834,398.9862106917294,815.0856996406177,-722338325.7634634,3182.9511524120767,415379.6420284667,163579.17671759438,334874.3689542617,0.0,1310509.6616479282,55437.496344179905,155103.81600876473,327422.5508055673,-1.8718889209227898e+37,41.89559997757897,0.75390625,0.8958406286270421,513336.9223923605,0.9991388633502173,513338.8173718525,Полином 15-й степени,500,extrapolation
31,1000,0.0,26.537455645161355,27.61999693049454,-2.3609504385023958e+29,39.7862903225807,12.248998682280803,21381.246317450205,22336.61277247168,-139.25784934254045,32951.391084402865,288.7298826082057,0.19835045939199278,0.20944766643010418,-46.69635196726932,0.3209410366139979,167.88745435949045,16.7705610414286,17.47055317555144,0.0,25.241798521877797,5.683595767382566,5356.188171149046,5595.478192561039,-5.9023760962559896e+28,51.81800003629178,0.8740234375,6.761444897492099,-0.74705252653565,0.013849429023220273,6.02824179997967,Линейная регрессия,500,extrapolation
31,1000,0.0,64.26318336599248,86.98904862129162,-2.3419023404219328e+30,208.90306622946864,29.66221249295753,143416.7955709455,188570.60154664595,-9995.32845623407,436262.14607090974,2157.263170603687,1.4823210665122974,1.9453535574822076,-4113.633886942465,4.490273753300568,1385.7383478693453,35.77812419429415,48.71490001058197,0.0,117.81547387800302,12.125318570633567,35879.57979989308,47177.062712208826,-5.854755851054832e+29,113.32559998845682,1.1240234375,7.526558535915858,-0.7236854972059579,0.10369226625778614,6.906565304967686,Полиномиальная регрессия (5),500,extrapolation
31,1000,2.2332506000529975,64.57268052797242,75.20415295670132,-1.7503434210657652e+30,133.0716782556481,29.805068325858493,20613.707240746266,21383.592322530887,-127.54461168488575,30241.40545855288,276.73551073388126,0.19834759105871458,0.21602523220494463,-49.7391365926072,0.3785675924331823,171.12201848084652,102.14061633422295,119.16859387187188,0.0,212.95934641473002,34.61577541985346,5195.15472129988,5394.5452736479165,-4.375858552664413e+29,173.75780001748353,380.9208984375,1.9144321269020628,1.2236357239503355,0.3004018780156449,3.4384697288680433,"MLP (50,25)",500,extrapolation
31,1000,0.27622189998510294,2.5136358772215317e-08,2.5136358772215317e-08,-195543935411.25,2.5136358772215317e-08,1.1602288840164002e-08,3715.36840357689,4166.67200414449,-3.8805770552162775,6569.679800133303,52.254636925293006,0.059742227068898444,0.06699907028355696,-3.8805825626329424,0.10563883274845397,52.25467025279663,1.8292666936758906e-08,1.8292666936758906e-08,0.0,1.8292666936758906e-08,6.199442232079638e-09,928.857036461847,1041.6847508145506,-48885983854.75279,192.78260000282899,1775.564453125,1.0,2.1900921580239358e-07,7.965893342092949e-12,1.0000002190171817,Градиентный бустинг,500,extrapolation
31,1000,0.4252422000281513,1.7053025658242404e-13,1.7053025658242404e-13,-8.0,1.7053025658242404e-13,7.87123270632006e-14,4245.722141592996,4645.788385133032,-5.0675224565887245,7100.033538149408,58.95880759852001,0.06827013870762201,0.07470310276599718,-5.06752245658877,0.11416674438717754,58.95880759852026,6.252776074688882e-13,6.252776074688882e-13,0.0,6.252776074688882e-13,2.1190854345720434e-13,1061.4476029329262,1161.4657720589496,-4.533761228294374,27699.8057999881,1057.55859375,1.0,2.4590871585544017e-15,5.181231901040695e-15,1.0000000000000075,Случайный лес,500,extrapolation
31,1000,0.006772200023988262,5.32386634532007,7.502558081031222,-1.7420409143648108e+28,16.881816625670353,2.45735811000234,29517.237149116787,29591.73643001637,-245.16904728373683,32671.492476054547,379.0075945263781,0.20612128163350993,0.24628111158872484,-64.94719404570198,0.4446667365311922,185.99343115118236,3.485287221481218,4.937078906701016,0.0,11.117979993785696,1.1811747771102454,7381.563105991305,7401.105587028923,-4.355102285912027e+27,130.16619998961687,4.283203125,1.042516014054216,0.42333990410038397,0.0006820967793436019,1.4665380149339435,SVR (RBF),500,extrapolation
31,1000,0.2533376999781467,1.9190729227454855,2.522036715447518,-1.968531767995628e+27,5.411413053373394,0.8857941023519434,417.3778288030162,546.7466445811726,0.9159641112461955,1221.1335685274444,6.274704730323874,0.006681399697474266,0.008518334525583095,0.921106087481702,0.018093998433599004,6.187703660897186,1.3652639651907301,1.7891332505777764,0.0,3.8146975226718496,0.4626922423614382,105.16721177266247,137.76658322043085,-4.92132941998907e+26,94.31299997959286,56.1396484375,0.22336904726002205,0.007390999020132914,0.0004286862350914874,0.23118873251524644,Гауссовский процесс,500,extrapolation
31,1000,32.57062440001755,51.036657714843734,51.03665771484376,-8.061281177779005e+29,51.036657714843756,23.557192575510616,8127.970973889863,8343.926256159033,-18.57192121544443,11833.846640845246,97.45632546840693,0.03231628675823653,0.03688908594095726,-0.47955086355265575,0.06589024247128632,28.570960513841577,119.73980600610388,119.73980600610399,0.0,119.7398178927005,40.58019603055143,2074.694938474392,2128.6849022414804,-2.0153202944447513e+29,106.61740001523867,147.1806640625,1.0,23.00675510539395,1.1650812506662074,25.171836356060158,PINN,500,extrapolation
16,1000,0.0,0.0,0.0,1.0,0.0,0.0,1432.8452068999768,1812.155404530461,0.07682630351348685,3716.4612441220597,21.2795987477495,0.023039788700093784,0.02913900078742377,0.07682630351348796,0.0597597572747698,21.279598747749485,0.0,0.0,0.0,0.0,0.0,358.2170616721692,453.0461358828121,0.2884131517567437,34.25859997514635,2.453125,0.8917477632775704,2.1242663299401135e-16,1.671365129367959e-16,0.8917477632775709,Линейная интерполяция,1000,extrapolation
16,1000,0.0,7.672218877870743,10.766000186682296,-3.5871404763039575e+28,26.259715027142448,3.5412965049022582,83.08805447685279,127.63057854294135,0.9954206691650196,349.41499316108093,1.3117872256977672,0.012500367524254877,0.01737947379754187,0.6715968171354272,0.041739370550943025,11.9255227218842,5.202025108123855,7.299713964981457,0.0,17.804979117238588,1.7629826344695732,23.99369970759291,36.42841804210067,-8.967851190759894e+27,6.931600044481456,2.919921875,0.03662998301290901,0.06930752330086272,0.0007927970306272867,0.10673030334439902,Кубический сплайн,1000,extrapolation
16,1000,0.0,0.0,0.0,1.0,0.0,0.0,1021.2989805734319,1459.8796254229228,0.4008623115426404,3627.7111292850004,15.802867853584662,0.01642222942067997,0.023474495315574027,0.4008623115426412,0.0583326778644412,15.802867853584656,0.0,0.0,0.0,0.0,0.0,255.32885070071313,364.9757749795596,0.4504311557713204,6.946599984075874,2.92578125,0.6019381484971512,1.785822318361135e-16,1.671365129367959e-16,0.6019381484971517,PCHIP,1000,extrapolation
16,1000,0.0,2240449.0792171257,4450206.677389685,-6.129146195837397e+39,16917835.17496529,1034132.9698671248,9308517.388658851,18563049.20934642,-96870417.6254889,70846153.3171131,155173.89578251002,3379.049113378451,6708.411634708061,-48929808770.96354,25489.685932536235,3500341.327926189,1531114.6016037785,3041312.7797135874,0.0,11562027.677101308,518899.5435248469,3270865.029648283,6515319.2695211,-1.532286548959349e+39,43.88220002874732,0.75390625,0.570899550193604,-921429.7409925121,1.0000973427149709,-921428.1699956191,Полином 15-й степени,1000,extrapolation
16,1000,0.0,25.774172794117657,26.868024841126736,-2.2341436859677866e+29,38.904411764705884,11.896687188607274,21151.084972429195,22124.13635749715,-136.60214300075563,32766.998011863754,285.8957515943665,0.19609131672754407,0.20736644395201717,-45.75317099227487,0.3189855503140026,166.14253047151365,16.26797270973033,16.9748427661661,0.0,24.655713961029107,5.5132670045153205,5298.330802312443,5542.0466478870985,-5.5853592149194665e+28,48.00820001401007,0.8740234375,6.807875845456265,-0.7509454888694319,0.013449541142294807,6.070379897729128,Линейная регрессия,1000,extrapolation
16,1000,0.0,41.148290377188054,53.61948829409791,-8.897847304569993e+29,121.72178053673665,18.992979634058642,65200.110121409954,89254.51545022275,-2238.5096484543274,216163.90724872798,994.3751960713328,0.6751082764592711,0.922714707725398,-924.6973016502781,2.2353432688928123,639.9016993118435,25.90191704880295,33.50796140028352,0.0,75.34230581876739,8.778240974884534,16316.958859278102,22335.641403656216,-2.224461826142498e+29,115.85960001684725,1.1240234375,6.273391528930356,0.10662372074050412,0.002743663259888589,6.382758912930749,Полиномиальная регрессия (5),1000,extrapolation
16,1000,2.08805819999543,70.82846184529186,82.44206645917541,-2.1034750090151395e+30,146.56899892138384,32.69257412660597,18993.396248792,19738.05627246317,-108.52198595281537,28049.83097425536,255.35008692915545,0.19396182543885596,0.2112727999079905,-47.5312287464252,0.3682578863891905,167.34310766554827,100.4195112336863,117.47164780187165,0.0,210.40805929499408,34.03248749999998,4791.2095459241045,4984.545314881031,-5.258687522537849e+29,174.95679995045066,380.93359375,1.774370518567201,1.2315658866487535,0.2785229098501951,3.284459315066149,"MLP (50,25)",1000,extrapolation
16,1000,0.27801259997067973,2.4146402211044915e-08,2.4146402211044915e-08,-180444844943.0,2.4146402211044915e-08,1.1145350662840952e-08,3715.368397216445,4166.671998472961,-3.880577041929735,6569.679793772857,52.25463684489098,0.05974221877336482,0.06699906288653423,-3.880581484952968,0.10563882445292035,52.25466373134107,1.7581385236553615e-08,1.7581385236553615e-08,0.0,1.7581385236553615e-08,5.958386631690549e-09,928.8570348692366,1041.6847493943937,-45111211237.69029,184.9194000242278,1488.513671875,1.0,1.7670016471490555e-07,7.714185753678536e-12,1.000000176707879,Градиентный бустинг,1000,extrapolation
16,1000,0.4377206999924965,1.7053025658242404e-13,1.7053025658242404e-13,-8.0,1.7053025658242404e-13,7.87123270632006e-14,4987.064070405277,5331.791561769009,-6.991694443723467,7841.375466961688,68.33006768724577,0.08019072950982684,0.0857338604229822,-6.991694443723542,0.12608733518938237,68.33006768724613,6.252776074688882e-13,6.252776074688882e-13,0.0,6.252776074688882e-13,2.1190854345720434e-13,1246.7860652836969,1332.969323907358,-5.4958472218617525,28114.387200039346,595.376953125,1.0,2.868581501940857e-15,5.181231901040695e-15,1.000000000000008,Случайный лес,1000,extrapolation
16,1000,0.003702100017108023,6.174936082906779,7.8218955944931094,-1.8934927559040813e+28,16.405228004841092,2.8501897451681417,29770.059145864274,29837.04681230994,-249.2673620650552,32787.76569976841,381.9251049790731,0.20122725929644575,0.2403634429480812,-61.8160963198006,0.4356786599675238,181.5599672238458,2.518932377186516,3.7481886852953954,0.0,9.021874404225457,0.8536740877024727,7444.738560395916,7462.214315008169,-4.733731889760203e+27,142.6099999807775,3.501953125,1.0227412214651157,0.4336656440373452,0.011137694279620972,1.467544559782082,SVR (RBF),1000,extrapolation
16,1000,0.27076700000907294,0.4652177213247518,0.7260316928509672,-1.6313636323470264e+26,1.9009619151685513,0.21473238925675134,415.7291300202851,544.8233434219345,0.9165543006725041,1212.8891918368518,6.251698786552491,0.008039121800518401,0.010331408957207513,0.8839478428676597,0.02196732251004614,7.468757382266598,0.40884503120324506,0.6095978283684933,0.0,1.5265273605389211,0.1385588641382872,104.1528079736534,136.54232608802778,-4.078409080867566e+25,86.7013999959454,32.7021484375,0.23008908964946634,0.01143107191226221,0.0006662298259274051,0.24218639138765594,Гауссовский процесс,1000,extrapolation
16,1000,32.24095610002405,50.893835449218734,50.89383544921876,-8.016226523453773e+29,50.893835449218756,23.491269535757556,8127.83332435373,8343.79216928963,-18.571292179070703,11833.708991309113,97.45458544864807,0.03255350483273709,0.03754917852987247,-0.5329747166216958,0.06808979542452957,28.922284836667288,119.6471500002445,119.64715000024452,0.0,119.64715126672394,40.5487946193867,2074.6017158270065,2128.592675979406,-2.0040566308634433e+29,106.62959999172017,147.1806640625,1.0,22.954980007508894,1.1646598741212641,25.119639881630157,PINN,1000,extrapolation
2001,2000,0.0,0.0650643722178402,0.08134557809055358,0.9999879827066385,0.2954645876981772,0.027798899606972405,76.45820980131965,96.2891819320473,0.9999873371795206,325.640005145513,0.4239949220078019,0.0009371225075285315,0.0011721858062375072,0.9999872099906587,0.004266347666719239,0.33316638798534814,0.04315217244269638,0.054359701850812556,0.9999869369652907,0.2285426755868798,0.014065962968442203,19.141840867121932,24.106514849448725,0.999987366710527,31.382999964989725,188.611328125,1.1475831590067271,0.002842177090506077,0.00039023843679648727,1.1508155745340296,Линейная интерполяция,10,noisy
2001,2000,0.0,0.07998388749639142,0.10020246710585942,0.9999817654272277,0.33503219539778684,0.03419468479050965,94.68485352302375,118.83318572240725,0.9999807136103832,416.59681404879666,0.5266179131116102,0.0011405181964196,0.0014264800174375058,0.9999810587197555,0.005000876924116215,0.40575667755341743,0.052892868202301345,0.06673423483859647,0.9999803126474143,0.30018983557658885,0.01723351718320241,23.704717699229718,29.750387226092286,0.9999809626011953,6.164600024931133,313.130859375,1.5183974669371911,0.003486769471977638,0.0004815094675336506,1.5223657458767024,Кубический сплайн,10,noisy
2001,2000,0.0,0.06937432653228962,0.08665452185952029,0.9999863629251591,0.3038003157065532,0.029630197040088974,81.6010559951585,102.67109506412346,0.9999856030053184,362.01966512491344,0.44978877033343084,0.000995529470274218,0.0012437110003070424,0.9999856015117532,0.004457144801633936,0.3539719319149205,0.04573704077550479,0.05773331162512266,0.999985265246055,0.2511175074216112,0.014900130716150262,20.429290722984142,25.704181652152105,0.9999857081720713,5.123000009916723,313.13671875,1.2612717148140566,0.0030216106250561658,0.00041567534482386326,1.2647090007839368,PCHIP,10,noisy
2001,2000,0.0,0.1535571779965009,0.22211393203998964,0.9999104036403818,1.2386318857598155,0.06748612726436676,9.911565108455525,12.037062458578278,0.9999998021133557,71.77690347336465,0.052014823868273274,0.0002956779437694359,0.0004130287029635416,0.9999984120441918,0.0021325483898214093,0.11230327577620151,0.1041472337913355,0.15134682293954427,0.9998987403163906,0.8401691987332356,0.03443386511675833,2.542391299546783,3.102734060565194,0.99995183952858,42.13100002380088,0.75390625,0.004145940494199162,0.00046244410147034504,5.129929339697814e-05,0.004659683889066486,Полином 15-й степени,10,noisy
2001,2000,0.0,7.983451305155065,9.241565552065284,0.8448935492330938,17.662199248263562,3.4391516451877635,6928.985004646423,8092.472985185248,0.9105587268485934,21242.02897427733,39.250992823645134,0.06293270779024995,0.07326194481063975,0.9500385733006904,0.18262354099764688,23.807631016384164,5.014651469553301,5.819736975032412,0.8502741929569857,11.275591737662182,1.641588064098925,1735.5115100322303,2026.9018874142891,0.8889412605848409,51.18499998934567,0.8740234375,0.5636652574722604,0.04964120758502908,0.0019310704897457468,0.6152375355470352,Линейная регрессия,10,noisy
2001,2000,0.0,3.1336023972126332,3.9849473923478946,0.9711607509057907,13.919662624009447,1.2913167537608352,5260.811258940474,6723.627598551305,0.9382577064395805,24606.485696312564,22.539734688210586,0.05357119506682314,0.06840163881738968,0.9564477136380319,0.24742601319621516,14.763487889418931,1.8657714810935575,2.364295060369251,0.9752888305711029,8.212805578487973,0.5971524387794633,1316.4660510034616,1682.5113106607098,0.9602887503886265,104.20860000886023,1.1240234375,0.7564169817185294,0.026449771236676155,0.001127226565929111,0.7839939795211347,Полиномиальная регрессия (5),10,noisy
2001,2000,18.545729300007224,0.22109542581697694,0.31374156804373204,0.9998212348371133,1.335209607418932,0.09384796652187888,165.52843830938068,262.60312794300125,0.9999058164088901,1635.2314071949222,0.5127861589074341,0.00813504645388676,0.011610221953729943,0.9987452448420564,0.04798668592520805,1.6658324444601198,0.375265150553518,0.42120572798703804,0.999215706734755,1.3747953731070197,0.12231948863511298,41.53323348305126,65.83742136524644,0.9994220007057038,173.4390000347048,301.5126953125,0.06501307081906153,0.016862766012725634,0.002647897138218062,0.08452373397000523,"MLP (50,25)",10,noisy
2001,2000,1.3116515000292566,0.056800452258942355,0.0810931980444563,0.9999880571598588,0.35086886829896,0.023293360120193316,84.47820255798669,107.98975992898119,0.999984072756953,412.5501171011638,0.3831665254401328,0.0010453217652253504,0.0013289824094284504,0.999983559447425,0.004682324055732434,0.3169709031747654,0.037951119290830435,0.052550585716300044,0.999987791984542,0.19594410940817397,0.012147875443758518,21.14349986282542,27.031183173787845,0.9999858703371947,180.57220004266128,1741.2490234375,1.0774711781888862,0.003049622267685321,0.0003297093284630047,1.0808505097850345,Градиентный бустинг,10,noisy
2001,2000,0.5948394000297412,0.03966555767829128,0.059926236288633646,0.9999934781205339,0.29129151011733256,0.016161277639528904,66.53587039396079,84.81346132147857,0.9999901756227424,322.34661855995364,0.33323736922932046,0.0008314296995005192,0.0010458936997862498,0.9999898175323516,0.0036447822402359,0.2740146002056214,0.027072098747312028,0.039491885989717083,0.999993105453615,0.17094022500174333,0.008645680250798479,16.650859870021474,21.228481334364176,0.9999916441823108,28810.0196000305,39641.6181640625,0.8495856844698065,0.002433843091765677,0.00023557204197216384,0.8522550996035443,Случайный лес,10,noisy
2001,2000,1.7394832999852952,0.17899879836172697,0.37789470206149445,0.9997406535127304,2.171034215497315,0.08063124023654959,3249.2902914462306,7744.983350395387,0.9180750032289066,34914.30445912102,8.328196135246085,0.00401912209608613,0.004499256111493955,0.9998115659529969,0.00960750926278453,1.428209660437219,0.11892853016603289,0.2448604970870969,0.9997349502479561,1.4211007292236104,0.03970901331858863,812.3980594742136,1936.4026512126618,0.9793405432356475,256.22959999600425,115.60546875,0.43375763766231173,0.10136474980431068,0.00010538316955722546,0.5352277706361797,SVR (RBF),10,noisy
2001,2000,49.42884109998704,71.73944769287108,75.47967041282381,-9.34662606541397,123.54450195312495,29.7122669099316,35110.33189110165,44327.49340321737,-1.6836248434232455,101063.39139747525,98.86991974985325,0.012606663083834452,0.013324403034870282,0.9983473782411585,0.019586463336855986,4.43330999291808,133.16894098394582,134.01558319013472,-78.39635225075739,165.64247340323163,43.13345842630056,8828.813221610386,11134.250495305841,-22.10706394533836,117.75939998915419,147.1806640625,0.9999999996896182,116.49660892937717,1.168697727659177,118.66530665672597,PINN,10,noisy
801,3200,0.0,0.07085907550771914,0.08879007691817413,0.9999856824780716,0.3230010309124509,0.030322838812148402,82.8513287342494,105.75983415135163,0.9999847237315473,426.9964309661518,0.45453102696327696,0.0010642150121682084,0.0013288735352106776,0.9999835621323507,0.004749500849658417,0.382176721205643,0.04690718929356496,0.05891519802412989,0.999984655778841,0.2143885289217451,0.01533016650251683,20.74253980351571,26.477217074957284,0.9999846560302027,33.953200036194175,76.1025390625,1.1193670858919298,0.003133479510134925,0.0004164395024346492,1.1229170049044994,Линейная интерполяция,25,noisy
801,3200,0.0,0.0836073278367076,0.10481014895495566,0.9999800498728065,0.3573206318382631,0.03576842957661691,98.69368957353028,125.35829597253131,0.9999785374203662,494.12473984115786,0.5383409362538262,0.001246857765928144,0.0015566247831807474,0.9999774448325472,0.005328776313518135,0.44593438943002606,0.0559643639548395,0.07011131895071653,0.9999782696640573,0.24626155361977453,0.018279503610970783,24.70862703077194,31.38369351630504,0.9999785754474443,7.187200011685491,125.6044921875,1.39767510224692,0.003687162333523508,0.0004942751053222677,1.4018565396857658,Кубический сплайн,25,noisy
801,3200,0.0,0.0785021315662341,0.09852790305440247,0.99998236979053,0.33836895219252483,0.03353986282243101,91.97677030342464,117.57415263043596,0.9999811201093602,477.40351043393457,0.4966654141550265,0.0011717694243469278,0.001461742065511853,0.9999801106923869,0.004850672805398526,0.4180753725950792,0.052388387836850826,0.06560770303757603,0.9999809717069097,0.22571163415557294,0.017107766928810518,23.02720814806302,29.434937494648363,0.9999811430747967,5.475200014188886,125.6103515625,1.3865565661975006,0.003461547262791858,0.0004629161950608465,1.3904810296553534,PCHIP,25,noisy
801,3200,0.0,0.15675940680934097,0.22272042281226592,0.9999099136321198,1.2105275652324963,0.06885936818573185,14.249719624611366,18.107061900549315,0.9999995522127413,97.73514934857667,0.09017376367856753,0.00026519389942406197,0.00046478617916103314,0.9999979891272663,0.0026402201632038103,0.10352216397443008,0.1064188729374287,0.15149776948971055,0.9998985381811505,0.8227400838559902,0.035148367055406235,3.6282907745643898,4.620436219757614,0.9999514982883195,35.12759995646775,0.75390625,0.005447481700726844,0.0007058513451532914,7.150408041852232e-05,0.006224837126298659,Полином 15-й степени,25,noisy
801,3200,0.0,7.983578741191074,9.241570473302346,0.844893302219465,17.650288382083232,3.439251973948079,6930.664562226276,8092.484621023474,0.9105584071284036,21229.384098815397,39.24525130043652,0.0629537401903504,0.07326206409583073,0.9500383842162002,0.18249154408405688,23.80479119141776,5.014772481867485,5.819743160330607,0.8502737997911217,11.260593048910664,1.6416412112352206,1735.931466797381,2026.9047991803004,0.8889409733387977,52.12859995663166,0.8740234375,0.563569199811575,0.049630347725574925,0.001928000036117335,0.6151275475732674,Линейная регрессия,25,noisy
801,3200,0.0,3.1365627004314796,3.9850335289993386,0.9711594889285133,13.906746143887517,1.292646686302381,5265.82342761289,6723.713192410664,0.9382560912788448,24578.839398100332,22.549721213972227,0.05365022508412158,0.06840311081008227,0.9564458161355026,0.2469969759225572,14.78153251920999,1.8682833767056428,2.3643646437119874,0.9752873636424304,8.201949978356822,0.5979901066356387,1317.7204809787777,1682.5327484235465,0.9602871899963228,102.98400005558506,1.1240234375,0.7562057925393411,0.026423916941355676,0.0011261193245275683,0.7837558288052243,Полиномиальная регрессия (5),25,noisy
801,3200,9.202933100023074,0.714845713390866,0.9115410172198344,0.9984909924111955,3.165180594950641,0.30394177062263855,4754.0074638272645,5626.121779811433,0.9567691259419764,16001.344512442927,21.28661365058799,0.014625099234664832,0.019069617234974034,0.9966149730830445,0.07068181178807231,3.2380450744207296,0.6355845208615531,0.8317730401524721,0.9969415608430013,2.5372236269922723,0.2077534753341349,1188.843129790188,1406.97104087151,0.9872041630698044,200.64699999056756,305.619140625,0.5766997676462864,0.11595072961908981,0.0017256011715466452,0.6943760984369228,"MLP (50,25)",25,noisy
801,3200,0.6457647000206634,0.07420024168003997,0.09946845202135052,0.9999820315874186,0.37956335145997855,0.030799144414831798,101.09441857458168,128.03020738276305,0.9999776127547249,475.54414644496137,0.47916550353321685,0.0012819342828020786,0.0015882170838879069,0.9999765200103573,0.005894608078255259,0.4168226920977901,0.04954143388554833,0.064372398181097,0.999981681515393,0.23854367908205631,0.015953331350381097,25.30486054610752,32.04890911251234,0.9999794614669735,212.01540000038221,1684.9990234375,1.7578806324041405,0.003448761316078809,0.00040991214674730605,1.7617393058669666,Градиентный бустинг,25,noisy
801,3200,0.5734965000010561,0.047125812676015226,0.06605297700565889,0.9999920763773537,0.36580954032780255,0.01951238880156886,74.38823623339242,95.3718161339607,0.9999875773037825,421.98799879210856,0.39306152990508486,0.0009648741090467461,0.0011983619557694911,0.9999866323766375,0.00408744513881254,0.3401261200531629,0.02973627455610732,0.04024046293728049,0.9999928415976901,0.1682051895463701,0.009562239522701743,18.616515798683395,23.869826983964852,0.9999897819138659,30581.58120000735,21266.826171875,0.9869698919258254,0.0027558544515313326,0.0002628110960319243,0.9899885574733887,Случайный лес,25,noisy
801,3200,0.36746159999165684,0.1956499922781738,0.39899273080080283,0.9997108861085492,2.248511259616805,0.08778727489382665,7230.7904327255,14351.832497980247,0.7186865651217639,53089.68930068493,19.641805328700904,0.004290682413916081,0.0048256560806450265,0.99978323412737,0.008664288749733629,1.5663376440314725,0.12712891918575386,0.2615316462642811,0.9996976300270592,1.4847931101763834,0.04251804368808986,1807.7793755798443,3588.124462003348,0.9294695788461855,221.22780000790954,47.8212890625,0.6510514281536545,0.24687427057447459,0.00012532746006118636,0.8980510261881902,SVR (RBF),25,noisy
801,3200,42.1687157000415,71.48949662685392,75.242143493784,-9.281614371703228,123.29453247070307,29.605515234088355,35110.904217421674,44327.94095914751,-1.6836809102085333,101063.96723365689,98.87314831608128,0.036143255620615544,0.03637606034503405,0.9876828707763086,0.04447193597164517,13.215299335524143,132.56645366472495,133.4169225801964,-77.68863355314457,165.04010218741132,42.937266622039644,8828.749077742219,11134.15910032046,-21.916561491070006,116.66940001305193,147.1806640625,1.0000000002865137,105.53600057596515,1.1570818349075578,107.69308241115922,PINN,25,noisy
401,3600,0.0,0.07110373018592185,0.08994615364442543,0.9999853071999942,0.3324849117394706,0.0303802507399658,87.4612181504192,112.40804811713612,0.99998274277034,461.40753862393467,0.5004579051916311,0.0010986949777666948,0.001379792845744212,0.9999822782610708,0.004990642008669499,0.41681451323672974,0.045419366050903465,0.05674681795061651,0.9999857644728016,0.19964280385812572,0.014843081788159783,21.89470998540845,28.139030220394222,0.9999840231760516,34.07059999881312,38.59375,0.6292155216983988,0.0032205793635605995,0.00040800940449842534,0.6328441104664578,Линейная интерполяция,50,noisy
401,3600,0.0,0.08292357439947351,0.10488468711582652,0.9999800214691628,0.3615702715778184,0.035415565675124855,102.9937903276631,131.28966649222986,0.9999764583252283,500.9213877393777,0.5884726427171161,0.0012732694712251612,0.0015943237472642667,0.999976339082208,0.005364818995408305,0.4810898891116039,0.053903467562409574,0.06750143338574646,0.99997985735409,0.22052752723317326,0.017608852732308253,25.782972659774053,32.86591173411968,0.9999781690576722,7.485999958589673,63.095703125,0.7374468254556374,0.0037716352176753467,0.00048113478480761395,0.7416995954581204,Кубический сплайн,50,noisy
401,3600,0.0,0.07896950122247706,0.10027455991479291,0.9999817391535939,0.3512413815368802,0.03368216315908562,97.76251195662086,125.3103397154569,0.9999785538134142,497.7304942806986,0.5528749727226904,0.0012174621594500416,0.0015272496156293778,0.9999782880612175,0.005242695701595967,0.4572805421373269,0.05107464475233463,0.0638902553308518,0.9999819548799557,0.23068752768472223,0.016673391934314014,24.473443391188777,31.369007945079545,0.9999801339770453,7.165399962104857,63.1015625,0.720756307382337,0.0035884947181648395,0.00045648172212902694,0.7248012838226308,PCHIP,50,noisy
401,3600,0.0,0.15462284463700007,0.22257882383920025,0.9999100280650316,1.2317559021747115,0.06801031811605535,18.279091591559986,26.126536629266322,0.9999990677337737,203.97832184660365,0.13338731806787402,0.0003862209346287869,0.0005300876592383907,0.9999973843842476,0.00214799535230642,0.17138083448341268,0.10815512940755946,0.1521894384767394,0.999897609525095,0.8279486872031043,0.03573173185302404,4.635563946634794,6.625458744810375,0.9999510224270369,30.640999961178753,0.75390625,0.0076103917193822476,0.0008310512170797843,8.017750314168481e-05,0.008521620439603717,Полином 15-й степени,50,noisy
401,3600,0.0,7.98389803403213,9.241622154321053,0.8448914310576245,17.620417973411747,3.439524178421058,6934.251504591782,8092.543578636632,0.9105569996861502,21184.553652032584,39.290117864572764,0.06299324888919197,0.07326284643803464,0.950037273178248,0.18197213067598272,23.833935040772182,5.0148519633591135,5.819781879923208,0.8502716826420518,11.240034684859495,1.6417099449673973,1736.8283119595155,2026.9195613793288,0.8889393466410187,58.4794000023976,0.8740234375,0.5636656387057546,0.049634203228941985,0.0019242417619700445,0.6152240836966666,Линейная регрессия,50,noisy
401,3600,0.0,3.1425627353825876,3.9853916492701464,0.9711542797536764,13.885544806733662,1.2952585167316346,5269.040024491838,6723.952184532606,0.9382516299400473,24541.26785081641,22.49755304618907,0.05369948579314346,0.06840583228005394,0.956442312048296,0.24643174533983403,14.76516488958052,1.8713428454513723,2.364502535764541,0.9752844604206246,8.186256318963672,0.5990091075390295,1318.5269073896163,1682.5926211374804,0.960283170540661,107.54440003074706,1.1240234375,0.7550938141745958,0.026370571539550237,0.001128229012785829,0.7825926147269319,Полиномиальная регрессия (5),50,noisy
401,3600,3.9704279999714345,3.122858586594723,4.002329266243286,0.9709085744311191,9.605056835319147,1.378714386217126,5755.402697496946,7096.684440842759,0.9312160274770191,22683.923142398795,23.941850088934647,0.020640975244112323,0.028064932794196987,0.992668268197104,0.11657022806015949,4.725208449067996,4.786899803610727,5.984882659309366,0.8416559284221656,15.758109704206845,1.5916091067436526,1440.833274215599,1776.6749294252766,0.9341121996318519,212.73759996984154,277.923828125,0.6809821616158278,0.12718342632133525,0.017347072864060172,0.8255126608012232,"MLP (50,25)",50,noisy
401,3600,0.5127432000008412,0.09401331959923778,0.124043609346901,0.9999720560263233,0.48102624771198066,0.03908966126275743,123.49804326096779,156.47866255624672,0.9999665584409293,516.2914811768715,0.5951617010777801,0.0015208067963428445,0.0018931266059366199,0.9999666390910434,0.006714841901226842,0.5097156910139905,0.0593826153684419,0.07611300624108888,0.9999743900766099,0.29855905009566186,0.019137225440841756,30.913240000682958,39.17017807461016,0.9999699109087266,258.8207999942824,1634.787109375,1.821730347853367,0.0037296699740823,0.0004314611672676435,1.825891478994717,Градиентный бустинг,50,noisy
401,3600,0.5837452000123449,0.0531652972205887,0.07409665722224561,0.9999900290484521,0.3977410861715498,0.02195885358800726,83.59677595879437,106.66014481461339,0.9999844625192568,386.74403051962145,0.43884791750739655,0.0010426339982271785,0.0013042357685058093,0.9999841659952888,0.004272665304386469,0.3779550894389713,0.03342040757164807,0.0456727828939429,0.9999907784170546,0.23302714315667572,0.010731608660361432,20.92110107439621,26.69530462262452,0.9999873589950131,30037.723399989773,11483.4833984375,1.1716847507201118,0.002727482295901719,0.0002531272947289444,1.1746653603107426,Случайный лес,50,noisy
401,3600,0.09457369998563081,0.21305105664188478,0.4438243923376688,0.9996422647726823,2.4325485392348867,0.09506327879396415,11594.628624210016,19973.322773838798,0.4551500615926919,64593.650439096666,34.11451338725312,0.004531323175789261,0.0051143679941484995,0.9997565204423731,0.010589824816676807,1.5598319273363586,0.13321829501900115,0.28236988366666893,0.9996475258451754,1.569050947202868,0.04461507008084389,2898.744856221213,4993.513520620699,0.8635490931632307,161.90740000456572,25.2216796875,0.7956274719593693,0.43646641905965483,0.00019334555705220535,1.2322872365760764,SVR (RBF),50,noisy
401,3600,6.220596499973908,0.03000677618097295,0.04107255319028404,0.9999969363244139,0.30273891315457035,0.013010422777132567,17.348592966517305,23.32670374135115,0.999999256838825,100.37645903650264,0.1332157977628704,0.000260164883474253,0.00035601253390262985,0.9999988201979861,0.0017050589596729337,0.09863475155603325,0.019615104562420257,0.02688210975527421,0.9999968053945527,0.20403041349004525,0.006467925527970268,4.349618753036043,5.848753604207652,0.9999979546889445,136.00839994614944,5085.9169921875,0.004639500957254003,0.0007613970063272998,0.00013427683199103579,0.005535174795572339,Гауссовский процесс,50,noisy
401,3600,37.174407099955715,72.04901565975611,75.77395858598155,-9.427479071896368,123.85408752441401,29.844481005923782,35110.46940716915,44327.58693690049,-1.6836411703424918,101063.5382328024,98.87074330523342,0.003553245286886028,0.004104034945430876,0.9998432163910926,0.008892126235914288,1.4112477406213562,132.6952636202593,133.54490794574144,-77.83974195793031,165.16882533194257,42.979212278260356,8828.804309923615,11134.227476866788,-21.98775474594452,119.78480004472658,147.1806640625,1.0000000002653457,113.40030920617647,1.152923190896951,115.55323239733877,PINN,50,noisy
201,3800,0.0,0.07387708306291069,0.09457250535841555,0.9999837568622812,0.33779849446375465,0.03177735870675256,88.22307390951407,111.06377067695189,0.9999831530182647,343.3310335107617,0.5224289958801472,0.0010932723210172685,0.0013481717500083451,0.9999830811918194,0.003957664734641098,0.41679903193242074,0.04283981324040006,0.05521990641937538,0.999986520226809,0.21004915262693657,0.013990045519334303,22.0852210195346,27.803727815119924,0.9999841278247936,33.42080005677417,19.83203125,0.3003677869592425,0.0033179188870985214,0.0004059747270884742,0.3040916805734295,Линейная интерполяция,100,noisy
201,3800,0.0,0.08581298896172959,0.10947697279411285,0.9999782336455039,0.36237713386410064,0.036863769063625526,101.63237167371005,127.23072930674391,0.9999778913965308,357.2871676751565,0.5950182017843096,0.0012601893782098008,0.0015507366608919495,0.9999776150860249,0.004234772983974344,0.47815332882787853,0.05053919733573355,0.0651946082429389,0.9999812105264433,0.22161693451329256,0.0165023673517814,25.442496012346435,31.85173790611046,0.9999787376636258,5.722999980207533,31.837890625,0.34231696734349787,0.003786062358841375,0.0004753673383471229,0.3465783970406864,Кубический сплайн,100,noisy
201,3800,0.0,0.08187319439963059,0.10436034256361233,0.9999802206903267,0.3476125484816919,0.03515412761051687,98.27230640657527,123.1034885094817,0.9999793024949383,360.99070871530057,0.5758099722502543,0.0012124691396999637,0.0014972535577294675,0.9999791325188975,0.00436290754122981,0.457688463071107,0.04766296481107989,0.061593201147009155,0.999983229083206,0.2341797188951773,0.015549597637017073,24.60076375873142,30.817734826687513,0.9999804711968421,4.578399995807558,31.84375,0.33206154684075784,0.00365210066496001,0.0004497887373314902,0.33616343624304934,PCHIP,100,noisy
201,3800,0.0,0.15242426183071994,0.2236759469698047,0.9999091387499688,1.2329857859525362,0.06721153423395657,40.67590067185843,49.08891061764401,0.9999967088773619,145.71389472419105,0.2771392618567948,0.0005484434352067003,0.0006923010699798303,0.999995538618859,0.0022644763034209148,0.22524295492512622,0.10606019105051662,0.15266023725824576,0.999896974882556,0.855951251141903,0.0350485459979437,10.233733392043717,12.366484775735511,0.9999495902821864,43.83419995428994,0.75390625,0.0133362861235771,0.0016806711104867876,0.00012066512641218322,0.01513762236047607,Полином 15-й степени,100,noisy
201,3800,0.0,7.984040049486421,9.24179218426083,0.8448854507904335,17.58886138793457,3.440084034393827,6941.638970190233,8092.869070030463,0.9105495961501369,21134.003798489066,39.25239793039989,0.0630887335424323,0.07326721447799074,0.9500312273186413,0.18148423178537776,23.809219039799,5.014751981982485,5.819909315128917,0.8502648757009724,11.214536144086708,1.641791670997326,1738.675212738811,2027.0010096860826,0.888932787490046,43.733200000133365,0.8740234375,0.5631346626160854,0.04958216953100356,0.001926691789696142,0.6146435239367851,Линейная регрессия,100,noisy
201,3800,0.0,3.155267776716859,3.986760029651894,0.9711344172953802,13.84247400055932,1.300684437733648,5285.547262161678,6725.73402863622,0.9382187550962379,24447.53187594605,22.485304415888294,0.05384722787849627,0.06842430414698888,0.9564187080699238,0.24544709776145412,14.75136628424445,1.8807107921767046,2.365493788082797,0.9752636922136843,8.166042632673395,0.6020373379230083,1322.6592719896125,1683.0386766895253,0.9602588931688065,114.40700001548976,1.1240234375,0.7527650834596673,0.026446910450706105,0.0011304538370688554,0.7803424477474423,Полиномиальная регрессия (5),100,noisy
201,3800,2.3506558000226505,5.636950534324707,7.143086167014353,0.9073358137803632,17.455505693390137,2.4857128611876806,6066.5681687744645,8122.0941170916,0.9099023813150324,28492.17108064123,23.298525589367568,0.028088544363910645,0.03498897183413814,0.9886042822796552,0.11805575113996336,6.8596151633263265,5.908307758611289,7.518425324749128,0.7501122116344995,16.469964563540145,1.965106142568143,1519.535378902941,2034.1976543887995,0.8889886722523875,202.53760000923648,282.3642578125,0.7124724723854584,0.12979128775795662,0.014602969985939317,0.8568667301293544,"MLP (50,25)",100,noisy
201,3800,0.3612332000338938,0.1402465989881142,0.1796257289394836,0.9999414027513096,0.6671572955343947,0.058301502804843336,171.74291666730167,216.24869188974353,0.9999361318619595,734.6656738549063,0.7693784268013246,0.0020136088835421566,0.0025142042638850158,0.9999411589466616,0.009214876252054749,0.6044920017840965,0.08536881273660483,0.11169676260300239,0.9999448465830315,0.4193564044421123,0.02741199371775177,42.99263642197749,54.13563214638747,0.9999408850357405,211.89039997989312,1613.1220703125,1.8772589629121657,0.003982976405825541,0.0004828983077112092,1.8817248376257023,Градиентный бустинг,100,noisy
201,3800,0.5041253999806941,0.07626401478788666,0.10606787834300761,0.9999795681401163,0.5555529624744224,0.03150728194251383,104.37100964110455,133.84692510949418,0.9999755322477601,731.4204295248346,0.5092962465401666,0.0012651651763867081,0.0015718721967885169,0.9999770007440737,0.005712067402734222,0.42492269378458464,0.04814917867396128,0.06481758895018147,0.9999814272164708,0.2715787436467849,0.015492060729878965,26.124171999935697,33.50484561224604,0.9999783820871052,30468.661799968686,6230.2294921875,1.3646589764344401,0.0028825023733923287,0.0002744824108296686,1.367815961218662,Случайный лес,100,noisy
201,3800,0.031243500008713454,0.24941486981855393,0.4565505525785047,0.9996214546780804,2.431400819040391,0.11021539266220041,16682.000416242186,23930.39012677816,0.2178737992329639,69757.46890483095,63.40837900793665,0.004724915572409957,0.005315357431440337,0.9997370069513938,0.010352644644032072,1.7307088241219817,0.15539242313039386,0.312855944360118,0.999567306795604,1.6911321060960063,0.051725142441781474,4170.6024871126765,5982.791212158132,0.8041998919145105,282.33200003160164,14.0556640625,0.8950587233807974,0.6322472699824098,0.00015913616968799466,1.5274651295328951,SVR (RBF),100,noisy
201,3800,1.2478102999739349,0.036512932890630734,0.05556273441058871,0.9999943932994793,0.44223642561226484,0.015821564295606865,31.312644558603967,40.070555394864265,0.999997807053679,154.76409126995713,0.22530113346494765,0.0003761281479925866,0.00048356603356070483,0.9999978233384939,0.0020544609477997078,0.13714965581500368,0.021248283809776183,0.033922981074949496,0.9999949127946065,0.3064173612964396,0.007019747392799965,7.842695475863091,10.04013116909584,0.9999962341215647,107.48640005476773,1304.6474609375,0.009906572557461172,0.001302071638699948,0.00015747052375735993,0.011366114719918479,Гауссовский процесс,100,noisy
201,3800,35.889666200004285,72.11544348465767,75.83711392234909,-9.444886667984257,123.92049377441401,29.872853216227785,35110.36863243184,44327.4878719702,-1.6836354273719176,101063.44904518033,98.87024400065452,0.0038143169784818753,0.00437143276436533,0.9998221200791607,0.008661101846068386,1.4950290088320943,132.30919735522843,133.1613012022125,-77.38759006796214,164.782701674716,42.853495803234544,8828.699271897178,11134.122664631883,-21.879072510809788,116.62719998275861,147.1806640625,1.0,113.33855229706384,1.1425943273603418,115.48114662442418,PINN,100,noisy
101,3900,0.0,0.07049260053239594,0.09385924696091284,0.9999840008910309,0.34159718820092166,0.030515603440141353,85.16736600022233,106.20566352107497,0.9999845945406026,344.0529630523688,0.5237683031922851,0.0010599638107060578,0.001314747997835101,0.9999839096353333,0.004079642919820492,0.3844683763013163,0.04118626017527935,0.05231200228885628,0.999987902506779,0.21593392349501528,0.013471166085906735,21.320026206185176,26.588287379580645,0.9999851018934365,31.006200006231662,10.45703125,0.14478628270182545,0.003105791686818526,0.0003811940617444062,0.14827326845038838,Линейная интерполяция,200,noisy
101,3900,0.0,0.08334847642003937,0.10858337136307432,0.9999785874540039,0.35014307325789673,0.035991765157248785,98.02629509446047,121.74488245465616,0.9999797567270936,351.27410311248605,0.6047827891688513,0.0012154497992461666,0.0015151678875143272,0.9999786301061306,0.0042928392948247684,0.440988689965774,0.04891946194726838,0.06314963993603284,0.9999823707247721,0.2225489790793631,0.016004582405266986,24.539944620656755,30.479532658460695,0.9999798362530001,6.9809999549761415,16.212890625,0.1649282861036503,0.003537902476822162,0.0004521704150005719,0.16891835899547303,Кубический сплайн,200,noisy
101,3900,0.0,0.07904524462366044,0.10353247292338409,0.9999805331877507,0.34381280916159085,0.03413411120572563,94.8775751329808,118.39480239896886,0.9999808554759152,361.7988246728455,0.5853242661239506,0.0011762326493063183,0.0014609001595980596,0.9999801334742857,0.00417750984809645,0.43001339713235975,0.04647839518500655,0.06001410896502853,0.9999840779337863,0.22674361053390157,0.01520166757436099,23.75106875135969,29.639952470254222,0.9999814000179346,7.0371999754570425,16.21875,0.158041580513348,0.003435374913667132,0.0004286809459009087,0.16190563637291602,PCHIP,200,noisy
101,3900,0.0,0.1571492982047462,0.22563276981283525,0.9999075416764036,1.2251358546231756,0.0691039551273389,43.615903105852375,49.14395641670148,0.9999967014768615,174.5592874938302,0.2610118746886569,0.0005217581564629932,0.0006699188595464985,0.9999958224153463,0.002396841003246608,0.18951320059227775,0.10942888303133291,0.1534546989458301,0.9998958994356864,0.8138728011458625,0.03612180516115834,10.97075076131123,12.380928451079921,0.9999489912510744,46.73559998627752,0.75390625,0.011122062186443167,0.0017288825044268967,0.0001179700243236135,0.012968914715193677,Полином 15-й степени,200,noisy
101,3900,0.0,7.98603828922841,9.242860523142365,0.8448490410108942,17.455759386177675,3.441430025273246,6957.584201555371,8094.301505941959,0.910517511036252,20998.501187207134,39.2686323223555,0.06326057857079062,0.07328402489284092,0.9500081190080627,0.18033971322726172,23.80343073033686,5.01546906562224,5.820567347123616,0.8502305144735367,11.135476647968744,1.6421613392063474,1742.6622423721979,2027.3595544592795,0.8889012963821863,60.268000001087785,0.8740234375,0.5624752428680242,0.04963044801083158,0.001921801755183109,0.6140274926340389,Линейная регрессия,200,noisy
101,3900,0.0,3.179223984844704,3.9917321669581556,0.9710622704888452,13.765000118416935,1.3111111708776881,5315.0732090234,6731.59265509547,0.9381107875310736,24255.879347997383,22.489070812452326,0.05418433366440917,0.06848482370550944,0.956341427156383,0.24325904385315544,14.809462650866676,1.8954695569903,2.368868168464785,0.9751929863828726,8.101047812285628,0.6069608186435548,1330.0505217247246,1684.5054350636494,0.9601768678897936,107.22339997300878,1.1240234375,0.7501154216280284,0.02649165482525052,0.0011209851623156318,0.7777280616155945,Полиномиальная регрессия (5),200,noisy
101,3900,3.2650655999896117,1.4489816417174428,2.0362575686970406,0.9924697899885411,6.310768273486445,0.6315075014089515,5694.263644505187,7213.036433280636,0.9289415790760102,22929.382691336403,20.117505902181517,0.08825865013248232,0.11136860395762961,0.8845466864018092,0.21195735654202275,20.5976425893164,1.8324735467941284,2.6015239048033445,0.9700809125972644,7.098883823747883,0.6032906848120207,1424.4083395859575,1804.4463958395236,0.9440097420159063,198.72700003907084,380.865234375,0.5947539216946887,0.16468095144972303,0.007013879146267711,0.7664487522906794,"MLP (50,25)",200,noisy
101,3900,0.39523610001197085,0.2290833136845179,0.3037696352369876,0.9998324168363858,0.8593052943535042,0.09404255576777758,274.8023488605741,359.94932807882026,0.9998230453273746,1303.3766809916124,1.032859035368832,0.0032314188688415527,0.004105950583134382,0.9998430691644886,0.014102503269439737,0.8493277474678681,0.1416462404824946,0.19085032172667427,0.9998389804926697,0.638482899740211,0.04520535506982057,68.79407745840248,90.11201349659176,0.9998343779552297,231.89819999970496,1603.7001953125,1.9333915415029936,0.003867398245897751,0.0004899961587718121,1.9377489359076632,Градиентный бустинг,200,noisy
101,3900,0.57271259999834,0.13519396887156995,0.18257998225074507,0.9999394592235785,0.7440253901672804,0.055872435335025346,158.42566904764908,213.6779985822395,0.9999376410326121,1283.3674690986954,0.6297112768756876,0.001846694514940948,0.00239726817521948,0.999946504889292,0.010156158991277975,0.5127135194333686,0.07883786626801553,0.11123711677817112,0.9999452993927137,0.4604357275906068,0.025194718041189307,39.660386894325896,53.49355323736091,0.9999422261345491,34401.95660002064,3367.23046875,1.5344759042244949,0.00266526088827199,0.0002965142067006578,1.5374376793194675,Случайный лес,200,noisy
101,3900,0.010554699983913451,0.28402045830984435,0.541611426845428,0.9994672575516816,2.7574340447196732,0.12511357060035155,19318.970552972965,26073.695171950825,0.07149452622315222,72078.93549782143,79.61860718360347,0.005619709906249,0.006336321543281394,0.9996262723186949,0.011277396450976696,1.994839966108276,0.17684823758350093,0.3453812034961663,0.9994726607494006,1.7965932601750296,0.05855892567418683,4829.859260344691,6518.647125225678,0.7675151792107323,139.32620000559837,8.3330078125,0.946863811980933,0.7253701419995884,0.00018640172283168344,1.672420355703353,SVR (RBF),200,noisy
101,3900,0.510833400010597,0.05691653349423326,0.08437744395680964,0.9999870701229354,0.5219993439401094,0.02526329675466861,35.28521004608019,43.772551518073726,0.9999973831247141,188.55981554133177,0.183504185076465,0.00042943290881491687,0.0006089047008256584,0.9999965487254857,0.002653202297805468,0.13049436586773622,0.025533381174447117,0.044470888165481816,0.9999912573255464,0.3556091389149856,0.00840874784377789,8.842022348414421,10.975502188724212,0.9999930648246704,99.83180003473535,351.5224609375,0.008002262893151112,0.0015939735247440115,0.0001816687178128576,0.00977790513570798,Гауссовский процесс,200,noisy
101,3900,35.113557199947536,71.50097439105693,75.25303101291702,-9.28465337677282,123.30606811523432,29.610420323528846,35110.56238856186,44327.60287130039,-1.6836618553031255,101063.66607093716,98.8714616666685,0.002808577549642542,0.003354625286048426,0.999895246417824,0.007152514203456695,1.142857291878445,133.4639404449878,134.30871687983884,-78.74456638175694,165.93745631338788,43.22952134074454,8828.882527993863,11134.291993454608,-22.178246591853764,125.06539997411893,147.1806640625,1.0000000006528567,113.90796985831783,1.1791964412373976,116.08716630020808,PINN,200,noisy
41,3960,0.0,0.05851802165436883,0.07332421559653125,0.9999902357003486,0.23169791537475248,0.02511860512066642,68.56012112706541,84.9836301455672,0.9999901359349895,240.32499630435632,0.3597833576325415,0.001078451504857236,0.0013293121847865622,0.9999835510034891,0.003591384485985394,0.3878742937335052,0.041224996134662024,0.05437922372425654,0.9999869273674726,0.2217169657826048,0.013581855867231037,17.165235649089823,21.27816572426819,0.999987712501575,33.04959996603429,4.83203125,0.05620637556577921,0.002888623532144281,0.000386659908581273,0.05948165900650476,Линейная интерполяция,500,noisy
41,3960,0.0,0.076489334499858,0.09697151099128058,0.9999829220958054,0.31565841592714605,0.032907542421159376,82.48445699094893,101.66468272030815,0.9999858835469411,257.93638301866304,0.4484327875753998,0.001193006813196125,0.0014840459915843845,0.9999794987586814,0.003940630575416479,0.43538520183283475,0.05568177072728943,0.07409519740946915,0.999975729587095,0.2381111777609135,0.018410430456402234,20.654455275747317,25.45930836867512,0.9999810084971308,6.368600006680936,6.837890625,0.059939120962328035,0.003187302440138039,0.00048524537587923624,0.06361166877834531,Кубический сплайн,500,noisy
41,3960,0.0,0.07199465929496487,0.09629452580994871,0.9999831597146889,0.4502989438831264,0.03098055441094377,78.90823841588555,97.89827299255163,0.9999869101270842,250.82837631336224,0.4199882951074345,0.0011559128571971811,0.0014271029146335043,0.9999810418470169,0.0036090464735689665,0.42716496352960276,0.05026428218441269,0.06808394568108841,0.9999795078994063,0.3031218377238929,0.016598591567171406,19.75791331755553,24.516019641739323,0.9999826548970491,7.336000038776547,6.84375,0.05653284088598578,0.0031512425954379774,0.0004421611394078651,0.06012624462083162,PCHIP,500,noisy
41,3960,0.0,0.1782388187091848,0.2343326954003465,0.9999002731679423,1.0962786205272153,0.0777110278951794,46.41165229891663,66.05661419036467,0.9999940403879667,300.7415098211204,0.2498772856200717,0.0007886565017759212,0.000995389460683196,0.9999907770147649,0.00346199929922697,0.30030915957169535,0.12203451920804337,0.16081433979544452,0.9998856735836873,0.7394795619201773,0.04018013515079213,11.678178573333907,16.613189153755286,0.9999426910385903,40.82140000537038,0.75390625,0.016319960843346255,0.0024442371124875815,0.00018776473515461276,0.01895196269098845,Полином 15-й степени,500,noisy
41,3960,0.0,7.991093846324901,9.248887099053578,0.8446450113845193,17.19735086296535,3.445894418832084,7007.598911990117,8104.667618951738,0.9102869159851444,20599.582576762754,39.3190070351782,0.06379348741113394,0.07339856537915584,0.9498511959818832,0.17663513308265144,23.84042472284979,5.017472911198923,5.824710159319565,0.8500157398826672,10.954050473535915,1.6434010947569175,1755.1678180587628,2029.9536536938726,0.8886997158085534,63.194399990607046,0.8740234375,0.5609742944352404,0.049733617881287176,0.0019133399370827415,0.6126212522536103,Линейная регрессия,500,noisy
41,3960,0.0,3.2581732099436143,4.025384401016684,0.9705719851872688,13.4417375729426,1.346182491807965,5412.57030934701,6769.140580587009,0.9374175679921299,23690.582835534835,22.62964670519685,0.05525001407486191,0.06890861276045557,0.9557989637387951,0.23683315911613467,14.927417004984514,1.9474144562662214,2.3909893511674403,0.9747272599813364,7.906228800084477,0.6241565979589397,1354.4577867568237,1693.9064657379884,0.9596289442248827,108.3263999898918,1.1240234375,0.7426869664286028,0.026701260471790323,0.0011479192143816278,0.7705361461147747,Полиномиальная регрессия (5),500,noisy
41,3960,2.8253077999979723,1.6219030267652563,2.3927759742495502,0.9896019877200709,7.008164398944103,0.7170918145958396,5777.181802449776,7286.534390286213,0.9274850741785947,22640.401353039095,20.193314966690334,0.08737156369129907,0.11121946754210635,0.8848544760205808,0.21209830208168534,20.051856971008245,1.7559194462380339,2.426165076972798,0.9739781757026789,6.539597551570466,0.5783652677389512,1445.1617491216177,1822.8661377012445,0.9439799284054813,204.7199999797158,380.8896484375,0.5953395451826461,0.156008308140563,0.007246699225192804,0.7585945525484019,"MLP (50,25)",500,noisy
41,3960,0.33819980002590455,0.4908620135012417,0.7055547680512503,0.9990959182353626,1.8267075615930821,0.19812928085968873,611.7378320350638,841.2442291692419,0.9990334383380008,3019.889588670645,1.9241172912355435,0.00732326475288827,0.009450303547677287,0.9991686632981455,0.030396393927397902,1.7354184418470013,0.31972309098782054,0.4493255313433869,0.9991074773646297,1.1311298889838781,0.10157037353418581,153.13893510107644,210.602139943046,0.9991013743090346,227.1898000035435,1627.6357421875,1.9683855092011635,0.003592873901932634,0.0005252456690810128,1.972503628772177,Градиентный бустинг,500,noisy
41,3960,0.5207715999567881,0.2872660925762285,0.4279166072389058,0.9996674441970281,1.9106018579092847,0.11553140408921687,360.4453535915714,547.0223657831483,0.9995913085652615,3410.794774619266,1.1014403578161038,0.004239748494528162,0.005821565061281343,0.9996845250006204,0.03139765315459053,1.0342247959063784,0.18596523641530666,0.26966303980100764,0.9996785304089943,1.0745659724013308,0.059029438793698465,90.23070616726436,136.93144174881238,0.9996554520429761,34207.42859999882,1549.6875,1.6424127649432427,0.002486564778587511,0.00030802778499549303,1.6452073575068256,Случайный лес,500,noisy
41,3960,0.005079500027932227,0.31343959148921974,0.5822477228580812,0.9993843103616316,2.8693105487270714,0.13834290681040726,20900.874149958912,27541.39060329455,-0.03599366154576855,73857.1920338218,87.96532804888137,0.005961974330263536,0.0067319575371555095,0.999578140170181,0.013496911206102802,2.2095144307647394,0.20939040121096786,0.39384362164350434,0.9993142833751981,1.9786055373064073,0.0695122560178048,5225.350735481486,6885.593356649147,0.7405707680903105,156.91420005168766,4.9453125,0.9778833589692348,0.7929267383779401,0.0004543415896510923,1.7712644389368262,SVR (RBF),500,noisy
41,3960,0.33521759998984635,0.06887220997944364,0.11600023881185437,0.9999755620926476,0.6980912269535509,0.030363413675019015,36.07089208337383,45.85049751349948,0.9999971287336977,214.67311196652008,0.16369434178860992,0.0007974876269967518,0.000988212095083399,0.9999909095419417,0.003280050847092264,0.275353205642923,0.043287817696507275,0.07025795733712294,0.9999781783249596,0.406025789212606,0.014327114218707108,9.045962399669195,11.509435980435883,0.9999854446733116,97.38699998706579,79.62109375,0.00581406461491964,0.0023961911970050618,0.0002472115712455183,0.008457467383170221,Гауссовский процесс,500,noisy
41,3960,34.121123799995985,71.31200827781599,75.07347844724605,-9.235741871092708,123.11716430664057,29.529719802555014,35110.430293581914,44327.38283170968,-1.6836727114518628,101063.60364723111,98.87111527855998,0.002184714773851975,0.0026391427406893433,0.9999351647488535,0.007089363082317168,0.7902855506659137,133.07925958936028,133.9264549295072,-78.29207666412906,165.55281275870038,43.1042561757716,8828.705936540966,11134.096351057291,-22.052889020481192,119.28280000574887,147.1806640625,1.0000000003214142,114.0283960452631,1.172098747177192,116.2004947927617,PINN,500,noisy
21,3980,0.0,0.059601757342995,0.07754225006084585,0.9999890797977489,0.23790568098894482,0.02573473261936907,69.84351768497288,84.59567233984387,0.999990225562753,214.69283155882476,0.35647856039215514,0.0013077839851391646,0.0015762334045589298,0.9999768722103956,0.0037093219861713544,0.3425543751419304,0.031245094001866647,0.03785938677444585,0.9999936634708323,0.0885488159605643,0.010230512270472468,17.483918080075718,21.17816255252093,0.9999874602604325,32.43660001317039,2.921875,0.03926235497413185,0.0029991869873315868,0.00037842847628568867,0.04263997043774913,Линейная интерполяция,1000,noisy
21,3980,0.0,0.10533578070708455,0.1487148537748475,0.9999598336303246,0.5215969819770123,0.046008024131967085,81.36768968396103,99.14953200927692,0.9999865730674505,215.36570422678233,0.362282145707772,0.0012154851871686164,0.0014614238958109995,0.9999801186677979,0.00372590590354005,0.37941613800227736,0.06154149276272464,0.09187760806323027,0.9999626815456064,0.3686031645312937,0.020391738315271298,20.383945610654504,24.8478964737527,0.9999723017277948,7.617600029334426,3.701171875,0.028859079997930512,0.0034621351590301097,0.0004544221766144355,0.03277563733357505,Кубический сплайн,1000,noisy
21,3980,0.0,0.089825582663592,0.1593355085556887,0.9999538917089515,0.9280510473240895,0.039150015916073505,78.83751856676908,96.65463024468546,0.9999872402901909,215.0965799744081,0.33946513240316045,0.001181631062230635,0.0014167417963549301,0.9999813158008914,0.003704619476145643,0.36242982335011065,0.052028985987509484,0.10276079259598457,0.9999533169547357,0.6393289079502438,0.017207139243236504,19.7451386916206,24.229535821908375,0.9999689411886925,7.0599999744445086,3.70703125,0.02693885960705773,0.0035128657996483684,0.00041935753526668555,0.030871082941972786,PCHIP,1000,noisy
21,3980,0.0,0.4960267470351128,1.075731444281453,0.9978983441006836,5.10208534073314,0.2061039078819309,103.31757015708534,208.50174241733092,0.9999406234653969,1236.5650873593258,0.312529515101949,0.002339765130551624,0.0046133571234544596,0.9998018804998596,0.02673456495569404,0.7543392608587194,0.3644272810829374,0.8139805100710655,0.9970709128037372,4.161962058561869,0.11770120995974323,26.04509098758349,52.59901693220172,0.9986779402174193,42.68820001743734,0.75390625,0.0514101798715887,0.005355437265446365,0.0006179040622140934,0.05738352119924915,Полином 15-й степени,1000,noisy
21,3980,0.0,8.007994504150494,9.27215320180748,0.843859674019354,16.70556424251845,3.456801561419291,7101.792949034523,8143.354644974164,0.9094262878537823,19975.118548787068,39.3116147610101,0.06480454729103131,0.07381506051481597,0.9492795574891486,0.17046983428475193,23.917767143482372,5.026264583440046,5.8398823826790105,0.8492308492405871,10.814634009577503,1.6471295517459965,1778.7230031673512,2039.6351239047915,0.8879490921507179,56.78659997647628,0.8740234375,0.5584229648737685,0.04966202852349386,0.0019270240709981013,0.6100120174682605,Линейная регрессия,1000,noisy
21,3980,0.0,3.4139595091055983,4.1287389166401,0.9690408715624274,12.9244249181408,1.41495103829321,5611.184390125607,6881.999384497416,0.935311850332128,22709.5306488661,23.559589858473426,0.05726589569877983,0.07018133347284009,0.9541503204069177,0.2260100506801318,15.395048691396845,2.041048598239426,2.452912839767044,0.9734008033072152,7.6077095289272165,0.655123970351512,1404.1741660321627,1722.162804396824,0.9579759614021721,121.10580003354698,1.1240234375,0.73875508723295,0.027593086832998076,0.0012132128204013634,0.7675613868863495,Полиномиальная регрессия (5),1000,noisy
21,3980,2.4479484999901615,1.5717163427001957,2.1042631477352884,0.9919581867605557,6.204265508994865,0.686728205404103,6242.937879432098,7821.60777572598,0.9164420959337685,23145.037925758137,21.126151211290072,0.09101137400082343,0.11602611074058428,0.8746845716253006,0.21861800280956556,20.340987070447873,1.8632671875700273,2.5725820640340307,0.9707421261721548,7.028328784574967,0.6134465003238497,1561.6159685840923,1956.6001617621223,0.938456745122945,201.25819998793304,380.8759765625,0.5875845903156134,0.14782552919188727,0.007028551416285085,0.7424386709237858,"MLP (50,25)",1000,noisy
21,3980,0.36646670004120097,0.9439375049538062,1.399181878992963,0.9964444873512992,3.4565989471732905,0.3792116883486699,1205.8296908458226,1668.3573581373996,0.9961983368590235,5716.394328728784,3.727324387755143,0.014377404456796231,0.018640976628565554,0.996765326895251,0.05902924609380378,3.345158774746411,0.5921747891890018,0.8861257036309734,0.9965286775557505,2.215664040234003,0.18720626265273685,301.8450451361055,417.66532667416305,0.996484207165331,200.78539999667555,1567.720703125,1.9822533908753939,0.0037240245791096667,0.00047578414795227075,1.986453199602456,Градиентный бустинг,1000,noisy
21,3980,0.5217491000366863,0.67368566473405,1.0583876318025285,0.9979655669785911,4.599265941940587,0.2677303091192841,844.0020607660188,1371.1727197898715,0.9974320900018552,7742.704994941509,2.523553085687576,0.00968477911354916,0.014352567279272482,0.998082425453486,0.07522294100364113,2.248850859103517,0.4150177398885064,0.6518656940380004,0.9981214595993124,2.6961966475327017,0.1305443553896877,211.27511223743872,343.22433142074783,0.9979003855083111,32685.918600007426,826.4736328125,1.6551393343476162,0.002268819455634439,0.0003044208556968337,1.6577125746589474,Случайный лес,1000,noisy
21,3980,0.002650200010975823,0.35669988905949457,0.6001639125586687,0.9993458254561024,2.6464756509512597,0.1562901962111995,21429.152120671613,27952.547927075957,-0.06718145948317789,74185.01814890567,91.704943108546,0.006100125958451767,0.006757410071424916,0.9995749366867086,0.011643812683594268,2.1606638412733923,0.2314992014869787,0.3573353092598786,0.9994355101308051,1.6629139808314903,0.07668955669999637,5357.43660497203,6988.378045926962,0.7327937031976096,141.53139997506514,3.755859375,0.9882511039532732,0.8087430853174514,0.0006999193933825951,1.7976941086641072,SVR (RBF),1000,noisy
21,3980,0.2735540999856312,0.1395187678957892,0.25439603182534426,0.9998824630140754,1.3753741422351027,0.06273234166027811,48.40713244153956,55.54799871343517,0.9999957856334769,224.62092037896218,0.2328652550746384,0.001047413235007057,0.0012000033769813995,0.9999865952718742,0.002955142615821582,0.27214848797292013,0.08752080819935917,0.14483870750294459,0.9999072586167498,0.8172952961014062,0.029020717061792035,12.158804857717428,13.987108364035109,0.999943025634044,105.11080001015216,38.9521484375,0.006032820233203894,0.002985939614148658,0.0003703204828308545,0.009389080330183406,Гауссовский процесс,1000,noisy
21,3980,34.27159759995993,71.39086382305202,75.14831039641571,-9.256338013421276,123.19589965820307,29.563410208198594,35110.1291312356,44326.95221605206,-1.6836829874627757,101063.41858863736,98.8700835134526,0.003972432108549094,0.004548199571079738,0.9998074373298378,0.007855812987999644,1.4344083055145056,132.64618272138776,133.4961123222631,-77.78463450057959,165.11970728995038,42.96323216439301,8828.542537553036,11133.900296742575,-21.93121201603345,121.78039998980239,147.1806640625,1.0000000003185254,114.32728253036684,1.1603377640692498,116.48762029475462,PINN,1000,noisy
